nombre,provincia,categoria,lat,lon
Baños de Agua Santa,Tungurahua,Ciudad turística,-1.3969,-78.4247
Cascada Pailón del Diablo,Tungurahua,Cascada,-1.4175,-78.3956
Quito Centro Histórico,Pichincha,Patrimonio cultural,-0.2202,-78.5127
Mitad del Mundo,Pichincha,Monumento,0.0022,-78.4558
Otavalo,Imbabura,Mercado artesanal,0.2346,-78.2625
Laguna de Quilotoa,Cotopaxi,Laguna,-0.8576,-78.8973
Cuenca Centro Histórico,Azuay,Patrimonio cultural,-2.9006,-79.0045
Montañita,Santa Elena,Playa,-1.8262,-80.7527
Parque Nacional Yasuní,Orellana,Parque nacional,-0.674,-76.4026
Islas Galápagos,Galápagos,Archipiélago,-0.9538,-90.9656
Catedral De Emperatriz De Santa Elena,Santa Elena,Manifestaciones Culturales,-2.22678,-80.85844
Museo Amantes De Sumpa,Santa Elena,Manifestaciones Culturales,-2.234,-80.86748
Museo Venus Valdivia,Santa Elena,Manifestaciones Culturales,-1.9424,-80.72438
Hacienda San Agustín Del Callo,Cotopaxi,Manifestaciones Culturales,-0.729013,-78.588847
Aguas Termales Aguallanchi,Chimborazo,Atractivos Naturales,-1.791117,-78.546
Artesanías De La Comuna Dos Mangas,Santa Elena,Manifestaciones Culturales,-1.82971,-80.69861
Bosque Tropical Dos Mangas,Santa Elena,Atractivos Naturales,-1.82971,-80.69861
Parque Marino Valdivia,Santa Elena,Manifestaciones Culturales,-1.91503,-80.72608
Playa De Chipipe,Santa Elena,Atractivos Naturales,-2.19787,-80.98244
Cevichelandia,Santa Elena,Manifestaciones Culturales,-2.20382,-80.97688
Comunidad Shiripuno,Napo,Manifestaciones Culturales,-1.041885,-77.657391
Boulevard 24 De Mayo,Pichincha,Manifestaciones Culturales,-0.224,-78.51527
Plaza Santa Clara,Pichincha,Manifestaciones Culturales,-0.222,-78.515943
Monumento A La Independencia,Pichincha,Manifestaciones Culturales,-0.22,-78.512106
Iglesia Central Del Tocachi,Pichincha,Manifestaciones Culturales,0.045,-78.288002
Iglesia De Malchinguí,Pichincha,Manifestaciones Culturales,0.058,-78.339397
Iglesia De Tabacundo,Pichincha,Manifestaciones Culturales,0.049,-78.221602
Iglesia Central De Tupigachi,Pichincha,Manifestaciones Culturales,0.077,-78.18138
Fiesta Del Maiz Y Turismo,Pichincha,Manifestaciones Culturales,-0.329,-78.44841
Mausoleo Juan De Salinas,Pichincha,Manifestaciones Culturales,-0.329,-78.44803
Monumento Aya Huma,Pichincha,Manifestaciones Culturales,-0.323,-78.457863
Parque El Ejido,Pichincha,Manifestaciones Culturales,-0.339,-78.437286
Parque El Turismo,Pichincha,Manifestaciones Culturales,-0.327,-78.45041
Toros Populares,Pichincha,Manifestaciones Culturales,-0.336,-78.43918
Centro Cultural Villa Carmen,Pichincha,Manifestaciones Culturales,-0.33,-78.44653
Playa La Botada,Manabi,Atractivos Naturales,-1.054,-80.905872
Playa San Lorenzo,Manabi,Atractivos Naturales,-1.069,-80.907297
Sendero El Faro (Playa San Lorenzo),Manabi,Atractivos Naturales,-1.058,-80.90794
Playa Santa Marianita,Manabi,Atractivos Naturales,-0.977403,-80.840826
Zoológico Los Jaguares,Morona Santiago,Manifestaciones Culturales,-2.252,-78.1332
Cascada Las Gemelas,Morona Santiago,Atractivos Naturales,-1.764,-77.886053
Río Palora - Tramo Arapicos,Morona Santiago,Atractivos Naturales,-1.866,-77.951961
Parque Arqueologico Catazho,Morona Santiago,Manifestaciones Culturales,-3.08,-78.471738
Río Morona-Tramo Tiwintza,Morona Santiago,Atractivos Naturales,-2.924,-77.724574
Río Upano-Tramo Macas,Morona Santiago,Atractivos Naturales,-2.299,-78.10597
Laguna Mediana (Huarmicocha),Pichincha,Atractivos Naturales,0.130451,-78.255
Bosque Cedrillos,Pichincha,Atractivos Naturales,-0.466833,-78.424808
Dique Río Tunants,Morona Santiago,Manifestaciones Culturales,-1.926,-78.03133
Mercado El Turismo,Pichincha,Manifestaciones Culturales,-0.327,-78.448963
Cascada Cóndor Machay,Pichincha,Atractivos Naturales,-0.454848,-78.422563
Cascada Kimsa,Pichincha,Atractivos Naturales,-0.399663,-78.407887
Cascada Las Gemelas,Pichincha,Atractivos Naturales,-0.471,-78.45271
Cascada Nido De Curiquingue,Pichincha,Atractivos Naturales,-0.475,-78.42662
Cascada Sueño De Novia,Pichincha,Atractivos Naturales,-0.484426,-78.430433
Centro Comercial River Mall,Pichincha,Manifestaciones Culturales,-0.325,-78.449063
Cuevas Del Arcoiris,Pichincha,Atractivos Naturales,-0.463,-78.425246
Hornado - Sangolquí,Pichincha,Manifestaciones Culturales,-0.329,-78.44841
Iglesia San Juan Bautista De Sangolquí,Pichincha,Manifestaciones Culturales,-0.32896,-78.44789
Cerámica De Sanambay,Loja,Manifestaciones Culturales,-4.59522,-79.4532
Monumento Al Colibrí,Pichincha,Manifestaciones Culturales,-0.332,-78.434688
Parque Alegria,Pichincha,Manifestaciones Culturales,-0.311,-78.44898
Petroglifos De Marcola,Loja,Manifestaciones Culturales,-4.63615,-79.42843
El Playón Del Conchero,Guayas,Atractivos Naturales,-3.00031,-79.83965
Tasines De Marcola,Loja,Manifestaciones Culturales,-4.63568,-79.42857
Molino De Piedra De Santa Ana,Loja,Manifestaciones Culturales,-4.63237,-79.45486
Molino De Piedra El Salado,Loja,Manifestaciones Culturales,-4.6623,-79.46169
Finca Agroecológica Jorupe,Loja,Manifestaciones Culturales,-4.64139,-79.45542
Iglesia San Bartolomé Apóstol,Loja,Manifestaciones Culturales,-4.58166,-79.42655
Bulevar Riveras Del Jorupe,Loja,Manifestaciones Culturales,-4.57966,-79.42532
Monumento San Bartolomé Apóstol,Loja,Manifestaciones Culturales,-4.57894,-79.42514
Cascada Cofradía,Loja,Atractivos Naturales,-4.58535,-79.3802
Iglesia Señor De La Buena Muerte,Loja,Manifestaciones Culturales,-4.5665,-79.45577
Cascada El Chimbo,El Oro,Atractivos Naturales,-3.65965,-79.56169
Cerro Guambo,Loja,Atractivos Naturales,-4.56655,-79.44059
Qhapaq Ñan Espíndola,Loja,Manifestaciones Culturales,-4.5442,-79.47898
Lagunas Negras Jimbura,Loja,Atractivos Naturales,-4.71218,-79.42987
Laguna Chuquiragua,Loja,Atractivos Naturales,-4.61537,-79.3625
Laguna Yacuri,Loja,Atractivos Naturales,-4.64023,-79.3677
Laguna Arenal,Loja,Atractivos Naturales,-4.63482,-79.36459
Laguna Bermeja,Loja,Atractivos Naturales,-4.69969,-79.42588
Laguna De Los Patos,Loja,Atractivos Naturales,-4.72085,-79.43075
Laguna Natosa,Loja,Atractivos Naturales,-4.73018,-79.42492
Picachos De Jimbura,Loja,Atractivos Naturales,-4.71059,-79.42463
Tradicional Baile De Inocentes,Carchi,Manifestaciones Culturales,0.59834,-77.835343
Bateas De Madera,Carchi,Manifestaciones Culturales,0.6255,-77.78985
Pileta Luminosa (Santa Maria),Pichincha,Manifestaciones Culturales,-0.33,-78.45105
Plaza Central De Sangolquí,Pichincha,Manifestaciones Culturales,-0.329,-78.448
Quinta Bolivia,Pichincha,Manifestaciones Culturales,-0.342,-78.433832
Vertiente Los Saucos,Pichincha,Atractivos Naturales,-0.484656,-78.43036
Bosque Ceja Andina (Línea Roja),Carchi,Atractivos Naturales,0.56467,-77.72622
Casa Cuasmal,Carchi,Manifestaciones Culturales,0.59814,-77.83571
Condor_Mirador,Zamora Chinchipe,Atractivos Naturales,-3.63976,-78.39193
Casa Museo,Carchi,Manifestaciones Culturales,0.59837,-77.83441
Casa De Las 7 Puertas,Carchi,Manifestaciones Culturales,0.59817,-77.8336
Iglesia De San Pedro,Carchi,Manifestaciones Culturales,0.60543,-77.81126
"Parque ""González Suárez""",Carchi,Manifestaciones Culturales,0.59834,-77.835343
Queso Amasado,Carchi,Manifestaciones Culturales,0.5637,-77.83676
Museo De Las Artesanías,Carchi,Manifestaciones Culturales,0.59591,-77.83578
"Laguna ""La Moya""",Tungurahua,Atractivos Naturales,-1.33054,-78.53472
Mercado República De Argentina,Tungurahua,Manifestaciones Culturales,-1.32891,-78.54221
Feria Del Jeans (El Tambo),Tungurahua,Manifestaciones Culturales,-1.331833,-78.549857
Centro Artesanal Huambaló-Feria Permanente Del Mueble,Tungurahua,Manifestaciones Culturales,-1.38716,-78.53746
Cascada La Sabana,Azuay,Atractivos Naturales,-3.106503,-79.341651
Iglesia Señor De Los Dos Puentes,Pichincha,Manifestaciones Culturales,-0.308,-78.4558
Parque Eduardo Kingman,Pichincha,Manifestaciones Culturales,-0.31,-78.45265
Cascada Mindo Nambillo,Pichincha,Atractivos Naturales,-0.077,-78.754
Centro Cívico Ciudad Alfaro,Manabi,Manifestaciones Culturales,-1.05425,-80.66334
Cascada Reina,Pichincha,Atractivos Naturales,-0.094,-78.754231
Conteo Navideño De Aves,Pichincha,Manifestaciones Culturales,-0.053,-78.774
Mariposas De Mindo (Mariposario),Pichincha,Manifestaciones Culturales,-0.068,-78.761992
Mindo Canopy Adventure,Pichincha,Manifestaciones Culturales,-0.065,-78.772309
Parque Municipal Jerusalén,Guayas,Manifestaciones Culturales,-2.17572,-79.90438
Mindo Ziplines,Pichincha,Manifestaciones Culturales,-0.065,-78.772569
Parque Central De Mindo,Pichincha,Manifestaciones Culturales,-0.053,-78.774733
Río Mindo - Tramo Mindo,Pichincha,Atractivos Naturales,-0.069,-78.7623
Balneario Café Color Tierra,Manabi,Atractivos Naturales,-0.66,-80.0011
Parque Acuático Balao,Guayas,Manifestaciones Culturales,-2.90924,-79.81105
Iglesia Nuestra Señora De Las Mercedes,Santa Elena,Manifestaciones Culturales,-2.20088,-80.97745
Ballenas Jorobadas,Santa Elena,Manifestaciones Culturales,-2.20461,-80.96839
Festividades Santa Lucia,Cotopaxi,Manifestaciones Culturales,-1.098222,-78.603528
Playa Puerto Misahualli,Napo,Atractivos Naturales,-1.035373,-77.665347
Corporación Fortaleza Del Valle,Manabi,Manifestaciones Culturales,-0.834583,-80.1556
Festival De La Regata Aldo Cano Patiño,Manabi,Manifestaciones Culturales,-0.892784,-80.075842
Festival El Balseros Del Carrizal,Manabi,Manifestaciones Culturales,-0.848939,-80.16283
Represa Sixto Durán Ballén,Manabi,Manifestaciones Culturales,-0.892784,-80.075842
Iglesia Santa Rosa De Canuto,Manabi,Manifestaciones Culturales,-0.798766,-80.129
Santuario Señor Del Terremoto,Tungurahua,Manifestaciones Culturales,-1.312264,-78.507345
Cascada De Mundug,Tungurahua,Atractivos Naturales,-1.288,-78.471342
Capilla Del Señor Del Árbol,Pichincha,Manifestaciones Culturales,-0.055315,-78.459449
Museo De Sitio Intiñan,Pichincha,Manifestaciones Culturales,-0.000708,-78.454416
Escuela Ciudad Quito,El Oro,Manifestaciones Culturales,-3.55518,-80.06373
Parque Central De San Antonio,Pichincha,Manifestaciones Culturales,-0.014395,-78.447619
Refugio De Vida Silvestre Marino Costera Pacoche,Manabi,Atractivos Naturales,-1.059,-80.910953
Casa Rosada,Manabi,Manifestaciones Culturales,-0.946,-80.722479
Playa Piedra Larga,Manabi,Atractivos Naturales,-0.954,-80.778002
Museo Pacocha,Manabi,Manifestaciones Culturales,-1.046,-80.867825
Playa Crucita,Manabi,Atractivos Naturales,-0.866,-80.538465
Pailones Rio Tobar,El Oro,Atractivos Naturales,-3.33841,-79.72768
Chorrera Rio Pindo,El Oro,Atractivos Naturales,-3.36492,-79.57326
Dos Bocas,El Oro,Atractivos Naturales,-3.26903,-79.73727
Laguna Chinchilla,Loja,Atractivos Naturales,-3.60931,-79.39704
Bosque De Arrayanes,Carchi,Atractivos Naturales,0.55471,-77.78896
Casona Municipal,Carchi,Manifestaciones Culturales,0.598885,-77.835495
Río Canuto-Cabañas El Toto,Manabi,Atractivos Naturales,-0.809,-80.10655
Cascada Kushni Pakcha,Orellana,Atractivos Naturales,-0.533583,-77.13336
Laguna De Añangu,Orellana,Atractivos Naturales,-0.523795,-76.439961
Laguna Taracoa,Orellana,Atractivos Naturales,-0.465017,-76.766023
Laguna Yanacocha Pompeya,Orellana,Atractivos Naturales,-0.468537,-76.639334
Laguna Yuturi,Orellana,Atractivos Naturales,-0.543496,-76.053819
Museo Alejandro E Ines,Orellana,Manifestaciones Culturales,-0.472234,-76.985954
Museo Temático Omaguas,Orellana,Manifestaciones Culturales,-0.432082,-77.002483
Saladero De Loros Añangu,Orellana,Atractivos Naturales,-0.47714,-76.277727
Peña Pivico,Napo,Atractivos Naturales,-0.41803,-78.025
Termas De Papallacta,Napo,Atractivos Naturales,-0.36191,-78.14988
Termas De Jamanco,Napo,Atractivos Naturales,-0.374791,-78.16921
Boulevar Parque Recreacional Santa Clara,Pichincha,Manifestaciones Culturales,-0.330372,-78.443165
Capilla De Fajardo,Pichincha,Manifestaciones Culturales,-0.335812,-78.471477
Capilla San Francisco,Pichincha,Manifestaciones Culturales,-0.32897,-78.448195
Cascada Rumibosque,Pichincha,Atractivos Naturales,-0.392266,-78.399671
Cascada Virgen De La Piedra,Pichincha,Atractivos Naturales,-0.446098,-78.416025
Centro Comercial San Luis,Pichincha,Manifestaciones Culturales,-0.307692,-78.450422
Iglesia Matriz (Virgen De Las Nieves),Carchi,Manifestaciones Culturales,0.59741,-77.83443
"Laguna ""El Salado""",Carchi,Atractivos Naturales,0.581204,-77.790885
Malecón Alfredo Palacio,Guayas,Manifestaciones Culturales,-2.170407,-79.854572
Malecón Dr. Roberto Gilbert,Guayas,Manifestaciones Culturales,-2.187686,-79.855691
Jardin_Botánico_El_Gato,Morona Santiago,Manifestaciones Culturales,-3.39529,-78.57424
Hacienda Chillo Compañía,Pichincha,Manifestaciones Culturales,-0.348683,-78.427321
Hacienda San Isidro,Pichincha,Manifestaciones Culturales,-0.330213,-78.46429
Hacienda La Carriona,Pichincha,Manifestaciones Culturales,-0.34216,-78.45209
Monumento Al Maiz,Pichincha,Manifestaciones Culturales,-0.33398,-78.44037
Bosque De La Reserva Ecologica Santa Rita,Pichincha,Atractivos Naturales,-0.486764,-78.437001
Parque Rumiloma,Pichincha,Manifestaciones Culturales,-0.330067,-78.477618
Cascada Padre Urco,Pichincha,Atractivos Naturales,-0.429,-78.44705
Hacienda El Cortijo,Pichincha,Manifestaciones Culturales,-0.36029,-78.46981
Hacienda Merced De Villota,Pichincha,Manifestaciones Culturales,-0.365941,-78.460738
Iglesia San Juan Cotogchoa,Pichincha,Manifestaciones Culturales,-0.368068,-78.453073
Cascada Carachupa Pakcha,Orellana,Atractivos Naturales,-0.5596109,-77.16590202
Cavernas Milagro De Dios,Orellana,Atractivos Naturales,-0.7226602,-77.492547
Parque Temático Avila Huiruno,Orellana,Manifestaciones Culturales,-0.71767945,-77.34131063
Parque Manantial De Los Volcanes,Pichincha,Manifestaciones Culturales,-0.508179,-78.56773
Cascada San Luis,Pichincha,Atractivos Naturales,-0.459968,-78.549462
Cultura Chagra,Pichincha,Manifestaciones Culturales,-0.521253,-78.501538
Cascada San Miguel De Pedregal,Pichincha,Atractivos Naturales,-0.505996,-78.498728
Ruinas Arqueologicas Pucara De Salitre,Pichincha,Manifestaciones Culturales,-0.616753,-78.367036
Volcan Rumiñahui,Pichincha,Atractivos Naturales,-0.591081,-78.510821
Casa Museo Eduardo Kingman,Pichincha,Manifestaciones Culturales,-0.309006,-78.453325
Cascadacaminos De Rumipamba,Pichincha,Atractivos Naturales,-0.456359,-78.423566
Cascada El Relicario,Pichincha,Atractivos Naturales,-0.446098,-78.416025
Cascada Corazón De Piedra,Pichincha,Atractivos Naturales,-0.456359,-78.423566
Bosque_El_Remolino,Zamora Chinchipe,Atractivos Naturales,-3.61034,-78.548
Malecón Maria Piedad,Guayas,Manifestaciones Culturales,-2.16684,-79.85026
Laguna_Chaquinal,Loja,Atractivos Naturales,-4.04112,-80.03111
Balneario Del Inca,Loja,Atractivos Naturales,-3.9618,-79.32816
Cerro San Juan,Loja,Atractivos Naturales,-3.87965,-79.3071
Bosque De La Reserva Natural Rumi Wilco,Loja,Atractivos Naturales,-4.25809,-79.21669
Cascada El Palto,Loja,Atractivos Naturales,-4.265298,-79.1764759
Cascada_3_Hilos,Zamora Chinchipe,Atractivos Naturales,-3.680278,-78.583611
Cascada_La_Milagrosa,Zamora Chinchipe,Atractivos Naturales,-3.70706,-78.59641
Cascada_Namakuntza,Zamora Chinchipe,Atractivos Naturales,-3.58571,-78.66896
Concatedral Santuario Del Divino Niño,Guayas,Manifestaciones Culturales,-2.168184,-79.834776
Feria Del Sombrero De Paja Toquilla,Manabi,Manifestaciones Culturales,-1.05043,-80.66156
Encocao En Playa Las Palmas,Esmeraldas,Manifestaciones Culturales,0.991388,-79.658913
Centro Recreacional Yamburara,Loja,Manifestaciones Culturales,-4.26571,-79.2128
Cascada_Pachicutza,Zamora Chinchipe,Atractivos Naturales,-3.67331,-78.63066
Cascada_Pailon_Del_Paraiso,Zamora Chinchipe,Atractivos Naturales,-3.60729,-78.63283
Cascada_San_Roque,Zamora Chinchipe,Atractivos Naturales,-3.69124,-78.63269
Comunidad_Pakintza,Zamora Chinchipe,Manifestaciones Culturales,-3.55835,-78.54571
Comunidad_Shuar_San_Carlos,Zamora Chinchipe,Manifestaciones Culturales,-3.54361,-78.52236
Comunidad_Santiago_Paty,Zamora Chinchipe,Manifestaciones Culturales,-3.55562,-78.53905
Comunidad_Saraguro,Zamora Chinchipe,Manifestaciones Culturales,-3.62363,-78.64053
Cueva_El_Remolino,Zamora Chinchipe,Atractivos Naturales,-3.59696,-78.54503
Cueva_La_ Argelia,Zamora Chinchipe,Atractivos Naturales,-3.55398,-78.65963
Cuevas_De_Kunki,Zamora Chinchipe,Atractivos Naturales,-3.65096,-78.67889
Finca_Arqueológica_Rumipulla,Zamora Chinchipe,Manifestaciones Culturales,-3.55835,-78.49666
Montaña_El_Mirador,Zamora Chinchipe,Atractivos Naturales,-3.56643,-78.51663
Orquideario_Ecuagenera,Zamora Chinchipe,Manifestaciones Culturales,-3.6349,-78.59432
Orquideario_Floplaya,Zamora Chinchipe,Manifestaciones Culturales,-3.6123,-78.62402
Catedral De Puyo,Pastaza,Manifestaciones Culturales,-1.4855886,-77.9965
Parque Central 12 De Mayo,Pastaza,Manifestaciones Culturales,-1.485541,-77.996717
Museo De La Fe,Pastaza,Manifestaciones Culturales,-1.485376,-77.99621
Museo Etno-Arqueológico Municipal De Pastaza (Mempa),Pastaza,Manifestaciones Culturales,-1.486912,-77.997842
Puerto Pesquero Artesanal De Esmeraldas,Esmeraldas,Manifestaciones Culturales,0.985504,-79.646228
Orquideario_Mundiflora,Zamora Chinchipe,Manifestaciones Culturales,-3.65289,-78.59037
Parque La Boa,Zamora Chinchipe,Manifestaciones Culturales,-3.63025,-78.58882
Parque_Central,Zamora Chinchipe,Manifestaciones Culturales,-3.62555,-78.58784
Reserva_Natural_Los_Hachales,Zamora Chinchipe,Atractivos Naturales,-3.59361,-78.54764
Río_Quimi,Zamora Chinchipe,Atractivos Naturales,-3.53863,-78.45623
Cascada Ondinas,Pichincha,Atractivos Naturales,-0.082774,-78.764307
Cascada Del Amor,Pichincha,Atractivos Naturales,0.0107234,-78.8972534
Telesillas - Min Joy Park,Pichincha,Manifestaciones Culturales,-0.066121,-78.766131
Cascada Guarumos,Pichincha,Atractivos Naturales,-0.083388,-78.764361
Romería Virgen Del Cisne,Pichincha,Manifestaciones Culturales,-0.052453,-78.775704
Sitio Arqueológico Santa Ana - La Florida,Zamora Chinchipe,Manifestaciones Culturales,-4.63654,-79.12971
Reserva Tapichalaca,Zamora Chinchipe,Atractivos Naturales,-4.49522,-79.13195
Cueva De Los Tayos - Paredones,Zamora Chinchipe,Atractivos Naturales,-4.53811,-79.06761
Laguna Papallacta,Napo,Atractivos Naturales,-0.38151,-78.160813
Parque Temático Búmeran,Zamora Chinchipe,Manifestaciones Culturales,-3.568848,-78.55661
Cascada Grada De Dios,Zamora Chinchipe,Atractivos Naturales,-3.68027,-78.58361
Río Zamora,Zamora Chinchipe,Atractivos Naturales,-3.6092047,-78.562706
Túneles De Tundayme,Zamora Chinchipe,Manifestaciones Culturales,-3.58103,-78.48013
Casa De Los 100 Años,Santa Elena,Manifestaciones Culturales,-2.221,-80.91069
"Celebración Tradicional ""Mesa De Muertos""",Santa Elena,Manifestaciones Culturales,-2.22085,-80.91069
Monumento A La Cerámica Amazónica,Pastaza,Manifestaciones Culturales,-1.48745,-77.998652
Mercado De Los Plátanos,Pastaza,Manifestaciones Culturales,-1.489946,-77.994148
Centro Artesanal Kichwa La Mokawa,Pastaza,Manifestaciones Culturales,-1.486915,-78.003034
Parque Ecológico Agroforestal Laudato Si,Pastaza,Manifestaciones Culturales,-1.486734,-78.009424
Parque Acuático Morete Puyu,Pastaza,Manifestaciones Culturales,-1.48824,-78.00612
Centro Artesanal Selva Viva,Pastaza,Manifestaciones Culturales,-1.48997,-78.005347
La Casa De La Balsa,Pastaza,Manifestaciones Culturales,-1.49298,-78.011335
Paseo Procesional Del Chagra,Pichincha,Manifestaciones Culturales,-0.516546,-78.57551
Monumento Al Balsero,Pastaza,Manifestaciones Culturales,-1.501887,-78.024723
Malecón De La Libertad,Santa Elena,Manifestaciones Culturales,-2.22081,-80.91305
Cueva De Los Tayos,Morona Santiago,Atractivos Naturales,-3.050972,-78.205328
Santuario Nuestra Señora De La Esperanza,Santa Elena,Manifestaciones Culturales,-2.22125,-80.91371
Laguna Huito,Orellana,Atractivos Naturales,-0.916643,-75.246207
Laguna Loro Cocha,Orellana,Atractivos Naturales,-1.066926,-75.492906
Laguna Jatun Cocha,Orellana,Atractivos Naturales,-0.9958,-75.4503
Laguna Bocana Río Cocaya,Orellana,Atractivos Naturales,-0.932,-75.2374
Laguna Tambo Pava Yaku,Orellana,Atractivos Naturales,-0.598096,-75.90469
Molienda Don Carlos Espinoza,Azuay,Manifestaciones Culturales,-3.258374,-79.291509
Iglesia Virgen De Las Mercedes,Azuay,Manifestaciones Culturales,-3.2738672,-79.3153601
Lagunas De Sardinayacu Del Parque Nacional Sangay,Morona Santiago,Atractivos Naturales,-2.071547,-78.215167
Cascada Musap,Morona Santiago,Atractivos Naturales,-2.134864,-77.928212
Laguna Obe,Orellana,Atractivos Naturales,-1.280172,-76.143592
Centro Cultural Mindala,Pichincha,Manifestaciones Culturales,-0.053221,-78.774069
Cabañita De Bambú,Zamora Chinchipe,Manifestaciones Culturales,-4.03764,-78.90451
Museo Centro Cultural Manta,Manabi,Manifestaciones Culturales,-0.942,-80.730473
Parque José María Velasco Ibarra,Azuay,Manifestaciones Culturales,-3.2741477,-79.3151402
Parque De La Madre,Azuay,Manifestaciones Culturales,-3.2760202,-79.3149326
Monumento Al Maíz,Los Ríos,Manifestaciones Culturales,-1.43857,-79.46203
Centro De Interpretación Natural Y Cultural De Macas,Morona Santiago,Manifestaciones Culturales,-2.313,-78.1185
Playa El Murciélago,Manabi,Atractivos Naturales,-0.939,-80.730452
Playa De Liguiqui,Manabi,Atractivos Naturales,-1.026,-80.882161
Jugo De Caña Al Paso,Zamora Chinchipe,Manifestaciones Culturales,-4.03737,-78.90441
Molienda De Panela Granulada,Zamora Chinchipe,Manifestaciones Culturales,-4.11563,-78.94069
Fogón Verde,Zamora Chinchipe,Manifestaciones Culturales,-4.03815,-78.90423
Árboles Patrimoniales Yamila,Zamora Chinchipe,Atractivos Naturales,-4.04108,-78.906
Monumento Al Montuvio,Los Ríos,Manifestaciones Culturales,-1.35726,-79.40061
Playita De Agua Dulce Del Cauje,Los Ríos,Atractivos Naturales,-1.4159,-79.38573
Parque Lineal Jean Carlo Carriel,Los Ríos,Manifestaciones Culturales,-1.438932,-79.461328
Cascada El Jarrón,Zamora Chinchipe,Atractivos Naturales,-4.078,-78.86583
Cascada El Mono,Zamora Chinchipe,Atractivos Naturales,-4.07236,-78.87579
Cascada El Aventurero,Zamora Chinchipe,Atractivos Naturales,-4.04372,-78.906
Melcochas De Timbara,Zamora Chinchipe,Manifestaciones Culturales,-4.03815,-78.90423
Comunidad Shuar Martín Ujukam,Zamora Chinchipe,Manifestaciones Culturales,-4.06564,-78.92892
Pozo Petrolero # 001 De Anconcito,Santa Elena,Manifestaciones Culturales,-2.323259,-80.872226
Artesania De Caña Guadúa Y Madera,Santa Elena,Manifestaciones Culturales,-1.881385,-80.733805
Cocadas De Don Chila,Esmeraldas,Manifestaciones Culturales,0.617,-80.026812
El Garsero,Esmeraldas,Atractivos Naturales,0.618,-80.018433
Isla Jupiter,Esmeraldas,Atractivos Naturales,0.421296,-80.04368
Las Manchas (Isla Bonita),Esmeraldas,Atractivos Naturales,0.577,-80.01017
Pan Artesanal De Cadeate,Santa Elena,Manifestaciones Culturales,-1.867016,-80.73968
Arquitectura Vernácula De Manglaralto,Santa Elena,Manifestaciones Culturales,-1.847822,-80.747326
Iglesia San Ignacio De Loyola,Santa Elena,Manifestaciones Culturales,-1.8502891,-80.7459684
"Artesanías De Orfebrería En Oro, Plata Y Piedras Semi Preciosas",Santa Elena,Manifestaciones Culturales,-1.730664,-80.784228
Gastronomía Típica De Manglaralto,Santa Elena,Manifestaciones Culturales,-1.84676,-80.74762
Iglesia Sagrado Corazón De Jesús De La Comuna La Entrada,Santa Elena,Manifestaciones Culturales,-1.732367,-80.783184
Monumento A La Ballena De La Comuna La Entrada,Santa Elena,Manifestaciones Culturales,-1.73079,-80.784376
Fiesta Jurada De La Purísima,Morona Santiago,Manifestaciones Culturales,-2.305,-78.1163
"Murales Artísticos ""Casita De Colores""",Santa Elena,Manifestaciones Culturales,-1.730946,-80.784027
Playa De Chulluype,Santa Elena,Atractivos Naturales,-2.20814,-80.88621
Gruta De La Virgen Purísima De Macas,Morona Santiago,Atractivos Naturales,-2.313,-78.10563
Zoológico Rapaz Lana,Santa Elena,Manifestaciones Culturales,-2.02225,-80.66708
Monumento A La Virgen La Pusírima De Macas - Mirador Quilamo,Morona Santiago,Manifestaciones Culturales,-2.301,-78.13932
Esculturas Talladas En Madera De La Comuna San Antonio,Santa Elena,Manifestaciones Culturales,-1.872159,-80.736215
Santuario Católico Nuestra Señora Del Pilar,Santa Elena,Manifestaciones Culturales,-1.88161,-80.72889
Bosque Protector 7 Cascadas,Esmeraldas,Atractivos Naturales,0.893,-78.50965
Cascada Velo De Novia,Azuay,Atractivos Naturales,-2.965734,-79.535468
Ciudad De Piedra Carachula,Azuay,Atractivos Naturales,-3.151775,-79.360261
Desierto De Jubones,Azuay,Atractivos Naturales,-3.342468,-79.377894
Parque Recreacional Jorge Felipe Rivadeneira Rivadeneira,Morona Santiago,Manifestaciones Culturales,-2.3,-78.114603
Santuario Nacional Purisima De Macas,Morona Santiago,Manifestaciones Culturales,-2.305,-78.1163
Zoológico Huerto El Eden,Morona Santiago,Manifestaciones Culturales,-2.262,-78.12718
Iglesia Catedral,Carchi,Manifestaciones Culturales,0.811556,-77.71836
La Chocolatera,Santa Elena,Atractivos Naturales,-2.1886,-81.01102
Playa Punta Carnero,Santa Elena,Atractivos Naturales,-2.27104,-80.92461
La Lobería,Santa Elena,Atractivos Naturales,-2.20341,-80.99702
Puente Colgante Tony El Suizo,Sucumbíos,Manifestaciones Culturales,0.07177,-77.250357
Río Aguarico,Sucumbíos,Atractivos Naturales,0.071375,-77.251263
Cascada Samikim,Morona Santiago,Atractivos Naturales,-2.243,-77.66819
Cascada Kintia Panki,Morona Santiago,Atractivos Naturales,-2.483,-78.20094
Parque Botánico,Morona Santiago,Manifestaciones Culturales,-2.47,-78.156791
Fiesta De La Chonta - Taisha,Morona Santiago,Manifestaciones Culturales,-2.243,-77.66819
Petroglifo Río Duvino,Sucumbíos,Manifestaciones Culturales,0.078402,-77.264598
"Finca Agroproductiva ""Don Luis""",Sucumbíos,Manifestaciones Culturales,0.066317,-77.124858
Chorrera De Nubes,Loja,Atractivos Naturales,-3.94789,-80.02208
"Roca Carbonatada ""La Camancha""",Loja,Atractivos Naturales,-3.943389,-80.017015
"Poza De ""Don Juano""",Loja,Atractivos Naturales,-3.94281,-80.01644
Cueva Del Huaco,Loja,Atractivos Naturales,-3.94171,-80.01373
Hamacas De Paja Toquilla,Santa Elena,Manifestaciones Culturales,-1.872498,-80.736379
Artesanías En Paja Toquilla Y Zapán De Plátano De La Comuna Sitio Nuevo,Santa Elena,Manifestaciones Culturales,-1.87397736,-80.68512261
Playa La Libertad,Santa Elena,Atractivos Naturales,-2.22064,-80.91357
Cavernas El Colorado,Esmeraldas,Atractivos Naturales,0.426,-79.64951
Centro Intercultural Transito Amaguaña,Pichincha,Manifestaciones Culturales,0.13779,-78.067724
Museo De La Ciudad Cayambe,Pichincha,Manifestaciones Culturales,0.041607,-78.143089
Parque Central De Gualaquiza,Morona Santiago,Manifestaciones Culturales,-3.40155,-78.58126
Iglesia Matriz Maria Auxiliadora,Morona Santiago,Manifestaciones Culturales,-3.40108,-78.58043
Cascada California,Morona Santiago,Atractivos Naturales,-3.251,-78.75607
Cinco Puentes,Morona Santiago,Manifestaciones Culturales,-3.21802,-78.73842
Cascada Pailas Del Trovador,Morona Santiago,Atractivos Naturales,-3.39468,-78.67864
Playa La Unión Del Ideal,Morona Santiago,Atractivos Naturales,-3.42948,-78.61857
Ruinas Selva Baja,Morona Santiago,Manifestaciones Culturales,-3.34236,-78.64933
Albarrada Regenerada De José Luis Tamayo,Santa Elena,Manifestaciones Culturales,-2.23535,-80.92984
Baño De San Juan,Santa Elena,Manifestaciones Culturales,-2.20295,-80.97507
Iglesia San Rafael Arcángel,Santa Elena,Manifestaciones Culturales,-2.23579,-80.93167
Muelle Público De Salinas,Santa Elena,Manifestaciones Culturales,-2.20535,-80.96855
Playa San Pablo,Santa Elena,Atractivos Naturales,-2.13375,-80.77127
Fósil En Posición De Vida,Loja,Atractivos Naturales,-3.87864,-80.03925
Playa Libertador Bolívar,Santa Elena,Atractivos Naturales,-1.88171,-80.73561
Monumento El Surfista,Santa Elena,Manifestaciones Culturales,-1.82089,-80.75494
Fiesta Patronal De San Isidro Labrador,Santa Elena,Manifestaciones Culturales,-1.82827,-80.75287
Punta Montañita,Santa Elena,Atractivos Naturales,-1.819199,-80.760545
Murales De La Punta De Montañita,Santa Elena,Manifestaciones Culturales,-1.81966,-80.75676
Plaza De Comidas Tipicas,Napo,Manifestaciones Culturales,-0.914817,-77.809022
Fiesta Del Inti Raymi,Tungurahua,Manifestaciones Culturales,-1.323701,-78.562427
Fiesta De Los Caporales,Tungurahua,Manifestaciones Culturales,-1.320764,-78.577449
Fiesta De Los Capitanes,Tungurahua,Manifestaciones Culturales,-1.312627,-78.58253
Festival Pluricultural Tzawar Mishki,Tungurahua,Manifestaciones Culturales,-1.320764,-78.577449
Feria De La Mata A La Olla,Tungurahua,Manifestaciones Culturales,-1.330167,-78.543031
Centro Recreacional Rancho La Favorita,Manabi,Manifestaciones Culturales,-0.758,-80.118412
Finca Agroturística Bella Isla,Guayas,Manifestaciones Culturales,-2.037677,-79.466693
Empanadas De Tiesto,Tungurahua,Manifestaciones Culturales,-1.328085,-78.541019
Poza De Los Monos,Loja,Atractivos Naturales,-3.88337,-80.04518
Fósil Cola Del Dinosaurio,Loja,Atractivos Naturales,-3.87513,-80.04442
Geositio Mar Cretácico,Loja,Atractivos Naturales,-3.88488,-80.08796
Balneario Las Pailitas,Loja,Atractivos Naturales,-3.89832,-80.07561
"Peregrinación Religiosa ""Virgen Del Mar""",Santa Elena,Manifestaciones Culturales,-2.21717,-80.90098
Centro Shuar Yuwints,Morona Santiago,Manifestaciones Culturales,-2.160182,-77.577475
Bosque Isla Seca,El Oro,Atractivos Naturales,-3.45206,-80.18425
Finca Nueva Esperanza,Morona Santiago,Manifestaciones Culturales,-1.819,-77.9284
Rodeos Montubios De La Asociación De Ganaderos San Ramón El Pescado,Manabi,Manifestaciones Culturales,-1.36927,-80.23429
"Rodeos Montubios Asociación De Ganaderos De Olmedo ""Ago""",Manabi,Manifestaciones Culturales,-1.38957,-80.20069
Cabalgata Nocturna Montubia De Olmedo,Manabi,Manifestaciones Culturales,-1.39599,-80.21217
Rodeo Montubio Olmedo,Manabi,Manifestaciones Culturales,-1.38926,-80.20087
Rodeo Montubio De Durán,Guayas,Manifestaciones Culturales,-2.189779,-79.815066
Playa Puerto Napo,Napo,Atractivos Naturales,-1.04395,-77.7945
Artesanías En Tagua,Santa Elena,Manifestaciones Culturales,-1.87397904,-80.68512261
Balneario La Delicia,Loja,Manifestaciones Culturales,-3.90597,-79.70876
Rinconcito De Cielo,Loja,Atractivos Naturales,-3.90544,-79.71132
Petroglifos De Buena Vista,Loja,Manifestaciones Culturales,-3.8951,-79.71226
Parque Central De Buenavista,Loja,Manifestaciones Culturales,-3.89206,-79.71552
Cascadas De Lamederos,Loja,Atractivos Naturales,-3.91481,-79.70591
Cascada Sisa Faccha/Pakcha,Imbabura,Atractivos Naturales,0.31972,-78.2447
Centro Cultural El Cuartel,Imbabura,Manifestaciones Culturales,0.351442,-78.11911
Rodeo Montubio Salitre,Guayas,Manifestaciones Culturales,-1.76724,-79.78997
Artesanias En Barro,Manabi,Manifestaciones Culturales,-0.828262,-80.151731
Rodeo Montubio Colímes,Guayas,Manifestaciones Culturales,-1.54922,-80.02395
Asociación Artesanal La Pepa De Oro,Manabi,Manifestaciones Culturales,-0.849267,-79.934017
Finca Orgánica Sarita,Manabi,Manifestaciones Culturales,-0.870297,-80.139731
Parque Abdón Calderón,Manabi,Manifestaciones Culturales,-0.848082,-80.164028
Parque Ferroviario,Manabi,Manifestaciones Culturales,-0.842232,-80.165779
Parque Simón David Velasquez,Manabi,Manifestaciones Culturales,-0.848939,-80.16283
Quinta Colina Del Sol,Manabi,Manifestaciones Culturales,-0.832789,-80.149024
Quinta El Rocio,Manabi,Atractivos Naturales,-0.858128,-80.176802
Exhibición De Caballos De Paso - Vilcabamba,Loja,Manifestaciones Culturales,-4.26059,-79.22238
Escaramuzas De Chuquiribamba,Loja,Manifestaciones Culturales,-3.84266,-79.34625
Parque Misahualli,Napo,Manifestaciones Culturales,-1.035388,-77.666721
Paila Tola,Imbabura,Manifestaciones Culturales,0.3361,-78.2123
Quinta Linda,Manabi,Manifestaciones Culturales,-0.844025,-80.160402
Finca Procel,Morona Santiago,Manifestaciones Culturales,-1.711,-78.008053
Balneario De Balsa,Manabi,Atractivos Naturales,-0.990155,-79.947402
Desfile Nacional Chacarero Y Rodeo Criollo Ambato,Tungurahua,Manifestaciones Culturales,-1.323861,-78.66182
Mercado Jatuk Cem,Imbabura,Manifestaciones Culturales,0.300879,-78.267169
Cabalgatas Nambacola,Loja,Manifestaciones Culturales,-4.14041,-79.42932
Cabalgata Montubia Del Cantón Jama,Manabi,Manifestaciones Culturales,-0.2098,-80.25881
Arco Del Amor De Jama,Manabi,Atractivos Naturales,-0.09844,-80.19531
Mercado Central De Machachi,Pichincha,Manifestaciones Culturales,-0.51352,-78.56829
Rodeo Montuvio,Los Ríos,Manifestaciones Culturales,-1.18853,-79.51753
Rodeo Montubio De Paján,Manabi,Manifestaciones Culturales,-1.55339,-80.4229
Centro De Interpretación Exploratorio,Napo,Manifestaciones Culturales,-0.358056,-78.147777
Coca Zoo,Orellana,Manifestaciones Culturales,-0.504523,-76.927782
Mercado Centro Comercial Ciudad De Palanda,Zamora Chinchipe,Manifestaciones Culturales,-4.64983,-79.13161
Feria De La Caña Y Sus Derivados,Pastaza,Manifestaciones Culturales,-1.493063,-78.011484
Feria Indígena,Orellana,Manifestaciones Culturales,-0.473215,-76.984001
Centro Etnobotánico Ñucanchi Sacha Causay,Orellana,Manifestaciones Culturales,-0.466113,-77.007905
Finca Saquifrancia,Pastaza,Manifestaciones Culturales,-1.466872,-78.003107
Zoológico Bioparque Yanacocha,Pastaza,Manifestaciones Culturales,-1.460541,-77.987832
Finca La Argentina,Pastaza,Manifestaciones Culturales,-1.461351,-77.987379
Paseo Turístico Del Río Puyo,Pastaza,Manifestaciones Culturales,-1.477979,-77.998481
Centro Cultural Kichwa Supay Kucha,Orellana,Manifestaciones Culturales,-0.478681,-77.068722
Parque Etnobotánico Omaere,Pastaza,Manifestaciones Culturales,-1.4761811,-77.9972709
Malecón Boayaku Puyu,Pastaza,Manifestaciones Culturales,-1.478739,-77.997954
Ceviche Volquetero,Pastaza,Manifestaciones Culturales,-1.47865,-77.99919
Parque De La Guadua,Pastaza,Manifestaciones Culturales,-1.4758364,-77.9917875
Parque Real De Aves Exóticas,Pastaza,Manifestaciones Culturales,-1.494488,-77.986171
Jardín Botánico Las Orquídeas,Pastaza,Manifestaciones Culturales,-1.512255,-77.978603
Centro Artesanal Entzaya Ainz Jea,Pastaza,Manifestaciones Culturales,-1.529011,-77.969433
Zoológico Paseo De Los Monos,Pastaza,Manifestaciones Culturales,-1.484344,-77.965969
Laguna Ecoparque Yunguilla,Azuay,Atractivos Naturales,-3.239261,-79.272441
La Cuchara De Palo Más Grande Del Mundo,Azuay,Manifestaciones Culturales,-2.7895417,-78.75792003
Centro De Interpretación Yaku Kawsay,Orellana,Manifestaciones Culturales,-0.481571,-76.548813
Huertos Frutales De La Parroquia Bulán,Azuay,Manifestaciones Culturales,-2.733433,-78.775508
Mercado 26 De Febrero,Azuay,Manifestaciones Culturales,-2.778025,-78.76227
Parque Lineal Del Río Paute,Azuay,Manifestaciones Culturales,-2.781403,-78.757392
Gastronomía El Cabo,Azuay,Manifestaciones Culturales,-2.85328,-78.77924
Rodeo Montubio El Horcon Cantón Rocafuerte,Manabi,Manifestaciones Culturales,-0.93306,-80.46822
"Feria Del Dulce, La Agricultura Y La Artesanía De Rocafuerte",Manabi,Manifestaciones Culturales,-0.9244,-80.45017
Comunidad Kichwa Añangu,Orellana,Manifestaciones Culturales,-0.496531,-76.424272
Parque De Naturaleza Y Aventura Yasuni Land,Orellana,Atractivos Naturales,-0.477173,-77.001048
Playa La Carolina,Santa Elena,Atractivos Naturales,-2.21993,-80.92349
Carnaval De Salinas,Santa Elena,Manifestaciones Culturales,-2.20544,-80.96573
Arroz Ayanguero,Santa Elena,Manifestaciones Culturales,-1.98225,-80.75228
Laguna Sapococha,Orellana,Atractivos Naturales,-0.462499,-76.846826
Dique Río Najembaime,Morona Santiago,Manifestaciones Culturales,-1.941,-77.98971
Dique Las Palmas,Pastaza,Manifestaciones Culturales,-1.499592,-78.02312
Dique Pambay,Pastaza,Manifestaciones Culturales,-1.4706784,-78.00479
Centro Holístico Los Yapas,Pastaza,Manifestaciones Culturales,-1.431869,-78.000563
Dique De Fátima,Pastaza,Manifestaciones Culturales,-1.429227,-78.004869
Dique Murialdo,Pastaza,Manifestaciones Culturales,-1.42699,-77.960296
Cascada Vibra,Pastaza,Atractivos Naturales,-1.326753,-77.973112
Cavernas Laberinto De Guami,Orellana,Atractivos Naturales,-0.73716291,-77.4866267
Palacio Municipal,Guayas,Manifestaciones Culturales,-2.19535,-79.88061
Rio Huataraco,Orellana,Atractivos Naturales,-0.723053,-77.421269
Paisaje Del Mirador Engoroy,Santa Elena,Manifestaciones Culturales,-2.22594,-80.91185
Finca Ecoturística El Arbolito,Pastaza,Manifestaciones Culturales,-1.358619,-77.964135
Balneario San Pablo De Alishungo,Pastaza,Atractivos Naturales,-1.38058,-77.914792
Balneario Jatun Paccha,Pastaza,Atractivos Naturales,-1.42328,-77.89541
Cascadas Y Tarabita El Triunfo,Pastaza,Atractivos Naturales,-1.43312,-77.79365
Finca Agroturística El Caballero De Logroño,Pastaza,Manifestaciones Culturales,-1.436467,-77.805654
La Cabaña Del Artista,Pastaza,Manifestaciones Culturales,-1.57218,-77.87862
Concurso De Cuerpos Pintados Veracruz,Pastaza,Manifestaciones Culturales,-1.507976,-77.9411
Balneario Piedra Negra,Pastaza,Manifestaciones Culturales,-1.498658,-77.879491
Cascada Arcoíris,Pastaza,Atractivos Naturales,-1.56731,-77.8787
Dique De Veracruz,Pastaza,Manifestaciones Culturales,-1.494423,-77.936413
Peces Gigantes  - Asociación Tarqui,Pastaza,Manifestaciones Culturales,-1.588629,-77.899702
Cascada Vida Natural,Pastaza,Atractivos Naturales,-1.585373,-77.895029
Complejo Recreacional Agroturístico Llesan,Pastaza,Manifestaciones Culturales,-1.629841,-77.913113
El Paraíso Cacao Farm,Pastaza,Manifestaciones Culturales,-1.634679,-77.915925
Cascada Hola Vida,Pastaza,Atractivos Naturales,-1.62869,-77.90143
Centro Turístico Mirador De Indichuris,Pastaza,Manifestaciones Culturales,-1.65272,-77.918
Cascada Samay Pakcha,Orellana,Atractivos Naturales,-0.750626,-77.427272
Complejo Ecoturistico Dinosaurio,Orellana,Atractivos Naturales,-0.729798,-77.495611
Complejo Turístico La Isla,Orellana,Manifestaciones Culturales,-0.69384056,-77.30903417
Complejo Turístico Etno Ecológico Indichuris,Pastaza,Manifestaciones Culturales,-1.653472,-77.922517
Mirador Shiriculapo,Loja,Atractivos Naturales,-4.05368,-79.65047
Puente De Las Boas,Pastaza,Manifestaciones Culturales,-1.646668,-77.919654
"Iglesia ""Matriz"" Cariamanga",Loja,Manifestaciones Culturales,-4.32572,-79.5563
Baño Del Inca,Loja,Atractivos Naturales,-4.32189,-79.55144
Monumento Mirador Del Águila Arpía,Pastaza,Manifestaciones Culturales,-1.676332,-77.902791
Complejo Recreativo Multifuncional Celidonio Martínez,Pastaza,Manifestaciones Culturales,-1.632027,-77.914555
Centro Ecoturistico Aguaventura,Orellana,Atractivos Naturales,-0.734904,-77.374732
Laguna Huiririma,Orellana,Atractivos Naturales,-0.71588,-75.68373
Zoorefugio Tarqui,Pastaza,Manifestaciones Culturales,-1.525448,-78.002278
Comunidad Nuevo Mundo - Centro Turístico Gringo Yaku,Pastaza,Manifestaciones Culturales,-1.57226,-77.92356
Sacha Wasi - Comunidad Vencedores,Pastaza,Manifestaciones Culturales,-1.623663,-77.91458
Sasi Muskuy Runa - Comunidad Amazanga,Pastaza,Manifestaciones Culturales,-1.565945,-77.998192
Lisan Wasi - Comunidad San Pedro,Pastaza,Manifestaciones Culturales,-1.59285,-77.90517
Sumak Kawsay - Comunidad Cotococha,Pastaza,Manifestaciones Culturales,-1.608222,-77.912926
Ukuy Wasi - Comunidad Cotococha,Pastaza,Manifestaciones Culturales,-1.610426,-77.913152
Ayamtai Jea - Comunidad Vencedores,Pastaza,Manifestaciones Culturales,-1.621155,-77.913412
Alukus Wasy - Comunidad Nuevo Mundo,Pastaza,Manifestaciones Culturales,-1.584765,-77.906459
Wayuri - Comunidad Vencedores,Pastaza,Manifestaciones Culturales,-1.620662,-77.912601
Kuri Warmi - Comunidad Vencedores,Pastaza,Manifestaciones Culturales,-1.623646,-77.917275
Pakcha Takina - Comunidad Chorreras,Pastaza,Manifestaciones Culturales,-1.567887,-77.926857
Guayusa Runa - Comunidad San Jacinto,Pastaza,Manifestaciones Culturales,-1.526687,-77.979525
Muskuy Amazonía - Comunidad Cotococha,Pastaza,Manifestaciones Culturales,-1.608014,-77.912366
Centro Artesanal Uru Warmi,Pastaza,Manifestaciones Culturales,-1.591631,-77.752118
Centro Artesanal Kuyan Kuyan Warmi Kuna,Pastaza,Manifestaciones Culturales,-1.589364,-77.756607
Monumento La Bola Mitad Del Mundo,Pichincha,Manifestaciones Culturales,-0.0019,-78.17651
Malecón De Puerto Bolívar,El Oro,Manifestaciones Culturales,-3.26953,-80.00352
Dique De Los Mecánicos,Pastaza,Manifestaciones Culturales,-1.46658,-77.932247
Poza De Los Shamanes,Pastaza,Atractivos Naturales,-1.42396,-78.026153
Cavernas De Fátima,Pastaza,Atractivos Naturales,-1.41936,-78.02305
Cavernas Del Río Puyo,Pastaza,Atractivos Naturales,-1.422584,-78.024411
Balneario Indillama,Pastaza,Atractivos Naturales,-1.588132,-77.902786
Balneario Río Bobonaza,Pastaza,Atractivos Naturales,-1.588457,-77.756918
Parque Agroecológico La Misión,Pastaza,Manifestaciones Culturales,-1.591764,-77.754969
Iglesia Del Morro,Guayas,Manifestaciones Culturales,-2.63347,-80.32768
Cueva De Los Tayos Tayu Jee,Pastaza,Atractivos Naturales,-1.951384,-77.775044
Cavernas Mayai Jee,Pastaza,Atractivos Naturales,-1.922439,-77.811737
Jardín Botánico Jintim,Pastaza,Manifestaciones Culturales,-1.887929,-77.80457
Bosque Protector Arutam,Pastaza,Atractivos Naturales,-1.78507,-77.831946
Centro Turístico Mirador Nuevos Horizontes,Pastaza,Manifestaciones Culturales,-1.618006,-77.843503
Centro Shuar Consuelo,Pastaza,Manifestaciones Culturales,-1.917667,-77.823034
Comunidad Tuna,Pastaza,Manifestaciones Culturales,-2.047584,-77.653348
Naku - Comunidad Sápara Llanchama Cocha,Pastaza,Manifestaciones Culturales,-1.62785,-77.30285
Centro Turístico Comunidad Iwia,Pastaza,Manifestaciones Culturales,-1.636849,-77.938049
Playa Cautivo,Santa Elena,Atractivos Naturales,-2.21476,-80.89522
"Plazoleta Civica ""Adalberto Montenegro""",Santa Elena,Manifestaciones Culturales,-2.2210301,-80.917449
Artesanías Sangolqui,Pichincha,Manifestaciones Culturales,-0.3288,-78.44841
Cascada Nalpi,Pastaza,Atractivos Naturales,-1.523657,-77.787161
Iglesia Católica Parroquial San Juan Bautista De El Valle,Loja,Manifestaciones Culturales,-3.98147,-79.20133
Santuario Católico Eucarístico San Sebastián,Loja,Manifestaciones Culturales,-4.00167,-79.20163
Catedral Católica De Loja,Loja,Manifestaciones Culturales,-3.9965,-79.20128
Iglesia Católica Nuestra Señora Del Perpetuo Socorro,Loja,Manifestaciones Culturales,-4.00361,-79.20555
Iglesia Santo Domingo De Guzmán,Loja,Manifestaciones Culturales,-3.99829,-79.20157
Iglesia Católica San Francisco,Loja,Manifestaciones Culturales,-3.994944,-79.201731
Páramo / Rincón Del Cóndor,Pichincha,Atractivos Naturales,-0.46458,-78.44717
Molino San Juan Hacienda,Pichincha,Manifestaciones Culturales,0.085037,-78.151224
Iglesia Católica Inmaculada Concepción - El Pedestal,Loja,Manifestaciones Culturales,-3.9951983,-79.208016
Bosque La Esperanza,Guayas,Atractivos Naturales,-1.91784,-80.19243
"Mercado Pedro De Lizarzaburu ""San Francisco""",Chimborazo,Manifestaciones Culturales,-1.67477,-78.64698
Iglesia San Antonio De Padua,Chimborazo,Manifestaciones Culturales,-1.66636,-78.65249
Mercado La Merced,Chimborazo,Manifestaciones Culturales,-1.67408,-78.65009
Parque La Libertad,Chimborazo,Manifestaciones Culturales,-1.67456,-78.64799
Río Balao O Cañas,Azuay,Atractivos Naturales,-2.910376,-79.59638
Iglesia San Francisco,Chimborazo,Manifestaciones Culturales,-1.6742,-78.647
Cascada De Paluz,Carchi,Atractivos Naturales,0.622369,-77.849111
Santuario De La Virgen De El Cisne,Loja,Manifestaciones Culturales,-3.85107,-79.42649
Encañonado El Murcielago,Esmeraldas,Atractivos Naturales,0.708963,-79.387274
Playa Manglaralto,Santa Elena,Atractivos Naturales,-1.84708,-80.7482
Playa Olón,Santa Elena,Atractivos Naturales,-1.79774,-80.76016
Playa De Río Guitarra Cocha,Napo,Atractivos Naturales,-0.9464,-77.761808
Gruta Del Divino Niño,Loja,Manifestaciones Culturales,-4.33056,-79.56046
Mercado Plaza Central Portoviejo,Manabi,Manifestaciones Culturales,-1.05697,-80.45799
Hacienda De Suscal Viejo,Cañar,Manifestaciones Culturales,-2.456325,-79.060896
Cascada De Payla Huayco,Cañar,Atractivos Naturales,-2.457353,-79.057977
Laguna Zancudo Cocha,Orellana,Atractivos Naturales,-0.598001,-75.484586
Laguna Quintacocha,Orellana,Atractivos Naturales,-1.056192,-75.490168
Comunidad Bameno,Orellana,Manifestaciones Culturales,-1.2968,-76.1531
Ceibo Gigante,Orellana,Atractivos Naturales,-0.9034,-75.4579
Monumento Cruz De Piedra,Cañar,Manifestaciones Culturales,-2.43672,-79.05096
Piedra Escrita De Chitoque,Loja,Manifestaciones Culturales,-4.01452,-79.91553
Iglesia La Dolorasa,Cañar,Manifestaciones Culturales,-2.4477,-79.06499
Balneario Rio Yaku Kawsay,Napo,Atractivos Naturales,-0.87063,-77.83211
Cascada Yanayaku,Napo,Atractivos Naturales,-0.88034,-77.77827
Cascada El Gran Cañón Ñachiyaku,Napo,Atractivos Naturales,-0.83059,-77.75867
La Uchu Manka De Pollo Ahumado,Orellana,Manifestaciones Culturales,-0.8928921,-75.4473532
Cascada Yaguarcocha (Pallatanga),Chimborazo,Atractivos Naturales,-2.027756,-78.914698
Amupakin Medicina Ancestral,Napo,Manifestaciones Culturales,-0.9249,-77.81046
Santuario Católico De La Virgen Del Quinche De Cotundo,Napo,Manifestaciones Culturales,-0.84328,-77.79767
Parque Lineal Padre Mario Perín,Napo,Manifestaciones Culturales,-0.8436,-77.79668
Cementerio Municipal José María Azael Franco,Carchi,Manifestaciones Culturales,0.819185,-77.714329
Nariz Del Diablo - Estación De Sibambe,Chimborazo,Manifestaciones Culturales,-2.24325,-78.877966
Columnas De Tangan,Cotopaxi,Atractivos Naturales,-0.636042,-78.89146
Cascadas_San_Jose,Loja,Atractivos Naturales,-4.10739,-80.12443
Laguna Chiriacu,Pichincha,Atractivos Naturales,0.116,-78.271389
Balneario El Capoa,Napo,Atractivos Naturales,-0.9034,-77.80766
Amupakin Parteras,Napo,Manifestaciones Culturales,-0.9249,-77.81046
Petroglifos Tumanangu,Napo,Manifestaciones Culturales,-0.84158,-77.78983
Parque De La Familia,Napo,Manifestaciones Culturales,-0.841439,-77.796675
Casa De Artesanias Patricia Tanguila,Napo,Manifestaciones Culturales,-0.84117,-77.80557
Jardín De La Virgen,Napo,Manifestaciones Culturales,-0.84165,-77.79749
Comidas Típicas Amarun Rumi,Napo,Manifestaciones Culturales,-0.84194,-77.79635
Geositio Churo,Napo,Atractivos Naturales,-0.810304,-77.776904
Casa De José Joaquín De Olmedo,Los Ríos,Manifestaciones Culturales,-1.80098,-79.54342
Catequilla,Pichincha,Manifestaciones Culturales,0.000173,-78.428426
Feria Dominical Del Mercado Mayorista,Pichincha,Manifestaciones Culturales,-0.515468,-78.566886
Iglesia Matriz De Machachi,Pichincha,Manifestaciones Culturales,-0.51278,-78.566346
Cascada Ñachiyaku,Napo,Atractivos Naturales,-0.80937,-77.78241
Mural Rostros Eternos De Vilcabamba,Loja,Manifestaciones Culturales,-4.25633,-79.22362
Mural Misterios Del Valle De Vilcabamba,Loja,Manifestaciones Culturales,-4.26141,-79.22251
Mercado Municipal De Vilcabamba,Loja,Manifestaciones Culturales,-4.26155,-79.22404
El Garrapatero,Galápagos,Atractivos Naturales,-0.69413,-90.22115
Fuentes De Tesalia,Pichincha,Atractivos Naturales,-0.499887,-78.540579
Complejo Hidroeléctrico La Calera,Pichincha,Manifestaciones Culturales,-0.463307,-78.550839
Mercado De Sauces Ix,Guayas,Manifestaciones Culturales,-2.129324,-79.89264
Ruta Del Río,Los Ríos,Manifestaciones Culturales,-1.01432,-79.46136
Comunidad Kichwa Shayari,Sucumbíos,Manifestaciones Culturales,-0.035633,-77.17031
Laguna Pastaza,Sucumbíos,Atractivos Naturales,0.02723,-77.177533
Bosque Tropical Shayari,Sucumbíos,Atractivos Naturales,-0.034826,-77.17025
Laguna Kary Kucha,Sucumbíos,Atractivos Naturales,-0.008479,-77.208483
Monumento El Bagre,Guayas,Manifestaciones Culturales,-2.1889,-79.91071
Laguna Batelón,Orellana,Atractivos Naturales,-1.064908,-75.521732
Vertientes Del Shushuri,Tungurahua,Atractivos Naturales,-1.30229,-78.53547
Cascada Bermejo,Sucumbíos,Atractivos Naturales,0.145812,-77.327084
Comunidad  A'I Cofán De Chandia Na´En,Sucumbíos,Manifestaciones Culturales,0.258551,-77.23776
Plaza De Flores,Azuay,Manifestaciones Culturales,-2.897673,-79.005784
"Finca Agroturística ""Amazonas Kingdom""",Sucumbíos,Manifestaciones Culturales,-0.039916,-77.094539
Balneario Río Bonito,El Oro,Atractivos Naturales,-3.10725,-79.76636
Cascada_El_Lobo,Loja,Atractivos Naturales,-4.10706,-80.20601
Balneario San Miguel De Brasil,El Oro,Atractivos Naturales,-3.10798,-79.73118
Balneario Defensores Orenses,El Oro,Atractivos Naturales,-3.13411,-79.75474
Volcán Sincholagua,Pichincha,Atractivos Naturales,-0.523513,-78.372747
Feria De Barros,Pichincha,Manifestaciones Culturales,-0.512715,-78.565979
Plaza Civica San Pedro,Pichincha,Manifestaciones Culturales,-0.320417,-78.462267
Escalada San Fernando,Pichincha,Atractivos Naturales,-0.371355,-78.419279
Balneario Tres Hermanas,El Oro,Atractivos Naturales,-3.1327,-79.75529
Cascada Mariposa,El Oro,Atractivos Naturales,-3.20638,-79.73609
Museo Naval Contemporáneo,Guayas,Manifestaciones Culturales,-2.2148,-79.88646
Cascada El Angel,El Oro,Atractivos Naturales,-3.207064,-79.73547
Cascada Infantil,El Oro,Atractivos Naturales,-3.20767,-79.7348
Cascada Del Amor,El Oro,Atractivos Naturales,-3.208,-79.73437
Playa San Mateo,Manabi,Atractivos Naturales,-0.956,-80.811322
Santuario Virgen De La Piedra,Pichincha,Manifestaciones Culturales,-0.458339,-78.425112
Cascada Runa Urco,Pichincha,Atractivos Naturales,-0.431484,-78.45775
Escalinata De Los Suspiros,Pichincha,Manifestaciones Culturales,-0.371835,-78.455685
Cascada El Rocio,El Oro,Atractivos Naturales,-3.20957,-79.73483
Cascada Sucursal Del Amor,El Oro,Atractivos Naturales,-3.2072674,-79.735
Cascada Arcoíris,El Oro,Atractivos Naturales,-3.209,-79.73283
Playa Bajo Alto,El Oro,Atractivos Naturales,-3.1087,-79.90094
Iglesia Matriz San Juan Bautista,El Oro,Manifestaciones Culturales,-3.24506,-79.83179
Fiestas Patronales De San Juan Bautista,El Oro,Manifestaciones Culturales,-3.24524,-79.83173
Hacienda San Agustin De Cotogchoa,Pichincha,Manifestaciones Culturales,-0.36999,-78.448008
Parque Central Cotogchoa,Pichincha,Manifestaciones Culturales,-0.368068,-78.453073
Plaza Civica Rumiñahui,Pichincha,Manifestaciones Culturales,-0.333786,-78.442975
Laguna De Los Patos,Pichincha,Atractivos Naturales,-0.60334,-78.4082
Ecolodge Amuntai,Morona Santiago,Manifestaciones Culturales,-1.721,-78.0477
Gruta De La Paz,Carchi,Atractivos Naturales,0.499734,-77.84298
Museo Pumapungo,Azuay,Manifestaciones Culturales,-2.905988,-78.997258
"Museo Arqueológico, De Arte Moderno Y Contemporáneo ""German Bastidas Vaca""",Carchi,Manifestaciones Culturales,0.817823,-77.7165
Santuario De La Virgen De La Purificación,Carchi,Manifestaciones Culturales,0.634532,-77.724709
Cascada Chilicay,Chimborazo,Atractivos Naturales,-2.244971,-79.057049
Cerro Sagrado El Puñay,Chimborazo,Atractivos Naturales,-2.330947,-78.971915
Centro Recreacional Bejucal Park,Manabi,Manifestaciones Culturales,-0.796,-80.12735
Museo Arqueológico Carlos Mercado Ortiz,Esmeraldas,Manifestaciones Culturales,0.963316,-79.652114
El Astillero De Los Esteros,Manabi,Manifestaciones Culturales,-0.977403,-80.840826
Museo De La Ciudad,Chimborazo,Manifestaciones Culturales,-1.608532,-78.647089
Laguna De Colta,Chimborazo,Atractivos Naturales,-1.724818,-78.75964
Nevado El Altar,Chimborazo,Atractivos Naturales,-1.668015,-78.418318
Laguna Garza Cocha,Orellana,Atractivos Naturales,-1.009751,-75.771967
Laguna Pillan Cocha,Orellana,Atractivos Naturales,-0.788142,-75.714986
Monumento A Los Marimberos,Esmeraldas,Manifestaciones Culturales,0.956869,-79.65126
Playa Las Palmas,Esmeraldas,Atractivos Naturales,0.991342,-79.659305
Marimba En Conservatorio Municipal,Esmeraldas,Manifestaciones Culturales,0.96789,-79.656382
Tortuga Bay,Galápagos,Atractivos Naturales,-0.761,-90.33238
Centro De Crianza Fausto Llerena,Galápagos,Manifestaciones Culturales,-0.742,-90.30395
Laguna Las Ninfas,Galápagos,Atractivos Naturales,-0.748,-90.31648
Volcán Sierra Negra,Galápagos,Atractivos Naturales,-0.813,-91.13502
Las Tintoreras,Galápagos,Atractivos Naturales,-0.972,-90.9613
Museo Municipal Etnografico Cancebi,Manabi,Manifestaciones Culturales,-0.948,-80.721741
Centro Cultural Daniel Reyes,Imbabura,Manifestaciones Culturales,0.335,-78.1688
Museo De Las Culturas,Imbabura,Manifestaciones Culturales,0.3,-78.265
Museo De Ibarra,Imbabura,Manifestaciones Culturales,0.35,-78.118
Río Chuvín,Azuay,Atractivos Naturales,-3.247705,-79.353633
Hacienda Victoria,Guayas,Manifestaciones Culturales,-2.3287,-80.21569
Artesanías En Cuero,Imbabura,Manifestaciones Culturales,0.29997,-78.26428
Café Zaruma,El Oro,Manifestaciones Culturales,-3.693,-79.61036
Fiesta De Semana Santa En El Cerro El Calvario,El Oro,Manifestaciones Culturales,-3.687,-79.610624
Sitio Arqueológico Cerro Chivaturco,El Oro,Manifestaciones Culturales,-3.622205,-79.496956
Fiestas De La Virgen Del Carmen,El Oro,Manifestaciones Culturales,-3.693,-79.61061
Iglesia De Abañin,El Oro,Manifestaciones Culturales,-3.334,-79.5009
Iglesia De Arcapamba,El Oro,Manifestaciones Culturales,-3.649,-79.61689
Iglesia De Güizhagüiña,El Oro,Manifestaciones Culturales,-3.693935,-79.55136
Helados De Paila De Ibarra,Imbabura,Manifestaciones Culturales,0.351,-78.11772
Artesanias Talladas En Madera,Imbabura,Manifestaciones Culturales,0.333,-78.1702
Playa Ayangue,Santa Elena,Atractivos Naturales,-1.97959,-80.75344
Monumento El Arcangel San Miguel,Imbabura,Manifestaciones Culturales,0.351416,-78.103225
Iglesia Huertas,El Oro,Manifestaciones Culturales,-3.606,-79.63186
Iglesia De Malvas,El Oro,Manifestaciones Culturales,-3.66,-79.62785
Iglesia De Muluncay,El Oro,Manifestaciones Culturales,-3.636,-79.6368
Mina El Sexmo,El Oro,Manifestaciones Culturales,-3.688,-79.61363
Museo Municipal De Zaruma,El Oro,Manifestaciones Culturales,-3.693,-79.61003
Laguna De Cuicocha,Imbabura,Atractivos Naturales,0.300284,-78.357983
Pailon Del Diablo,Tungurahua,Atractivos Naturales,-1.392834,-78.426876
Plaza De Ponchos,Imbabura,Manifestaciones Culturales,0.229928,-78.26216
Parque Arqueológico Cochasquí,Pichincha,Manifestaciones Culturales,0.054953,-78.304355
Playa De Montañita,Santa Elena,Atractivos Naturales,-1.82675,-80.75294
Museo Arqueológico Centro Cultural Orellana,Orellana,Manifestaciones Culturales,-0.474091,-76.984994
Área Nacional De Recreación Isla Santay E Isla Gallo,Guayas,Atractivos Naturales,-2.22787,-79.86916
El Tigrillo,El Oro,Manifestaciones Culturales,-3.693,-79.61036
Piscinas Naturales De Pindal,Loja,Atractivos Naturales,-4.109,-80.10506
Reloj Solar Quitsato,Pichincha,Manifestaciones Culturales,-6.4e-05,-78.174977
Laguna La Encañada,Carchi,Atractivos Naturales,0.54415,-77.961629
Iglesia De La Virgen De La Caridad,Carchi,Manifestaciones Culturales,0.550233,-78.040286
Reserva Laipuna,Loja,Atractivos Naturales,-4.21027,-79.88683
Laguna Magdalena De Atillo,Chimborazo,Atractivos Naturales,-2.185467,-78.516017
Playa De San Lorenzo,Santa Elena,Atractivos Naturales,-2.20553,-80.97175
Museo Y Centro Cultural Esmeraldas,Esmeraldas,Manifestaciones Culturales,0.965506,-79.651782
Florecimiento De Los Guayacanes-Zapotillo,Loja,Atractivos Naturales,-4.156,-80.43194
Central Eólica Villonaco,Loja,Manifestaciones Culturales,-3.997,-79.25924
Artesanias En Paja Toquilla Chordeleg,Azuay,Manifestaciones Culturales,-2.922,-78.775786
Orfebrería En Chordeleg,Azuay,Manifestaciones Culturales,-2.922,-78.775786
Balneario De Agua Dulce Vista Hermosa,Manabi,Atractivos Naturales,-1.044,-80.240778
Iglesia La Catedral Jesús Del Buen Pastor,Manabi,Manifestaciones Culturales,-1.053,-80.453603
Jardín Botánico Universidad Técnica De Manabí,Manabi,Manifestaciones Culturales,-1.039,-80.461003
Manglar La Boca,Manabi,Atractivos Naturales,-0.801,-80.521981
Lagartera_Río_San_Jose,Loja,Atractivos Naturales,-4.10726,-80.13362
Parque La Rotonda,Manabi,Manifestaciones Culturales,-1.046,-80.46006
Parque Ecológico El Mamey,Manabi,Manifestaciones Culturales,-1.062,-80.454551
Parque Ecologico Las Vegas,Manabi,Manifestaciones Culturales,-1.061,-80.449003
Playa La Boca,Manabi,Atractivos Naturales,-0.802,-80.52181
Balneario La Poza,Manabi,Atractivos Naturales,-0.808,-79.97924
Cascada Caracol,Manabi,Atractivos Naturales,-0.661,-79.984412
Centro Recreacional Glayfer,Manabi,Manifestaciones Culturales,-0.698,-80.072208
Centro Recreacion Quinta Thalia,Manabi,Manifestaciones Culturales,-0.631,-80.038149
Feria Internacional Del Chame,Manabi,Manifestaciones Culturales,-0.703,-80.19997
Festival De La Natilla,Manabi,Manifestaciones Culturales,-0.809,-80.10655
Gastrofest,Manabi,Manifestaciones Culturales,-0.698,-80.094
Centro Recreacional La Guadalupana,Manabi,Manifestaciones Culturales,-0.702,-80.09057
Humedal La Segua-Sendero Los Caimanes,Manabi,Atractivos Naturales,-0.703,-80.19997
Cascada Chapulí,Manabi,Atractivos Naturales,-0.850019,-80.002751
Balneario Platanales,Manabi,Atractivos Naturales,-0.851192,-80.148894
Bosque Protector Primera Piedra,Manabi,Atractivos Naturales,-0.85279,-79.943001
Cascada Julián,Manabi,Atractivos Naturales,-0.959525,-80.04616
Fiesta De San Juan,Manabi,Manifestaciones Culturales,-0.848939,-80.16283
Finca Agroturística Julián,Manabi,Manifestaciones Culturales,-0.955238,-80.044816
Finca Agroturistico Oasis,Manabi,Manifestaciones Culturales,-0.877112,-80.058322
Plaza Cívica De Bolívar,Manabi,Manifestaciones Culturales,-0.84647,-80.165042
Alcantilado De Quingue,Esmeraldas,Atractivos Naturales,0.717,-80.094664
Cascada El Colorado,Esmeraldas,Atractivos Naturales,0.41956,-79.65402
Estero Río Mompiche,Esmeraldas,Atractivos Naturales,0.509,-80.019357
Playa De Bunche,Esmeraldas,Atractivos Naturales,0.634,-80.036137
Playa De Muisne,Esmeraldas,Atractivos Naturales,0.603,-80.025976
Playa Portete,Esmeraldas,Atractivos Naturales,0.485,-80.047819
Refugio De Vida Silvestre La Chiquita,Esmeraldas,Atractivos Naturales,1.23,-78.76613
"Cocadas De La Comunidad ""El Capricho""(Orcopac)",Esmeraldas,Manifestaciones Culturales,1.105,-78.98365
Bosque Ecologico El Tigre,Esmeraldas,Atractivos Naturales,1.285,-78.81202
Iglesia De Salvias,El Oro,Manifestaciones Culturales,-3.638,-79.54805
Iglesia De Sinsao,El Oro,Manifestaciones Culturales,-3.664,-79.58312
Parque Nacional Podocarpus - Bombuscaro,Zamora Chinchipe,Atractivos Naturales,-4.115,-78.96511
Balneario De Agua Dulce Rio Tululbi,Esmeraldas,Atractivos Naturales,1.179,-78.76737
Balneario Chuchuvi,Esmeraldas,Atractivos Naturales,0.883,-78.51448
Refugio De Vida Silvestre Rio Muisne,Esmeraldas,Atractivos Naturales,0.616,-80.019269
Tunel Ecologico San Lorenzo,Esmeraldas,Manifestaciones Culturales,1.156,-78.74852
Parque Central De Manta,Manabi,Manifestaciones Culturales,-0.946643,-80.722272
"Parque Nacional Podocarpus, Cajanuma",Loja,Atractivos Naturales,-4.083,-79.20542
Parque Central Vilcabamba,Loja,Manifestaciones Culturales,-4.261,-79.22266
La Ratonera,Galápagos,Atractivos Naturales,-0.74356,-90.305209
Los Gemelos,Galápagos,Atractivos Naturales,-0.62546,-90.38417
Playa De La Estación,Galápagos,Atractivos Naturales,-0.74263,-90.307899
Playa Mann,Galápagos,Atractivos Naturales,-0.89556,-89.60943
Túneles De Bellavista,Galápagos,Atractivos Naturales,-0.69364,-90.318289
Altar Patrio,Loja,Manifestaciones Culturales,-4.37926,-79.94264
Balneario La Lajilla,Loja,Atractivos Naturales,-4.38617,-79.92058
Centro Recreacional Cruz Del Panadero,Loja,Atractivos Naturales,-4.3945,-79.82563
Humita,Guayas,Manifestaciones Culturales,-2.34301,-80.27473
Cripta Maria Auxiliadora,Loja,Manifestaciones Culturales,-4.37581,-79.93632
Iglesia Matriz,Loja,Manifestaciones Culturales,-4.37919,-79.94287
"Museo ""Fray Pedro Gocial"" - Iglesia San Francisco",Pichincha,Manifestaciones Culturales,-0.22,-78.515129
Monumento Virgen Del Panecillo,Pichincha,Manifestaciones Culturales,-0.229,-78.518577
Iglesia De La Compañía De Jesús,Pichincha,Manifestaciones Culturales,-0.221,-78.513827
Puente Internacional,Loja,Manifestaciones Culturales,-4.39256,-79.9641
Reserva Jorupe,Loja,Atractivos Naturales,-4.37201,-79.90001
Cascada Virgen De Agua Santa,Loja,Atractivos Naturales,-3.64609,-79.2047
Raymis,Loja,Manifestaciones Culturales,-3.63546,-79.23835
Navidad,Loja,Manifestaciones Culturales,-3.62266,-79.23813
Iglesia San Francisco Del Monte Del Cedral,Chimborazo,Manifestaciones Culturales,-1.566017,-78.531964
Talleres De Secado De Paja Toquilla,Santa Elena,Manifestaciones Culturales,-1.93428,-80.68596
Pueblo Saraguro,Loja,Manifestaciones Culturales,-3.62211,-79.23814
Cerro De Arcos,Loja,Atractivos Naturales,-3.56451,-79.46947
Balneario Santa Marianita,El Oro,Atractivos Naturales,-3.56702,-80.04477
Casa Patrimonial Manuelita Saenz,El Oro,Manifestaciones Culturales,-3.550668,-80.203525
Iglesia Matriz,El Oro,Manifestaciones Culturales,-3.552927,-80.060967
Peregrinación Náutica Al Cristo Del Pescador,Santa Elena,Manifestaciones Culturales,-2.20925,-80.95009
Playa Ballenita,Santa Elena,Atractivos Naturales,-2.20635,-80.87766
Parque Nacional Cajas Llaviucu,Azuay,Atractivos Naturales,-2.843334,-79.146181
Catedral De La Inmaculada Concepción,Azuay,Manifestaciones Culturales,-2.897604,-79.004998
Puente Rojo Antiguo,El Oro,Manifestaciones Culturales,-3.556489,-80.058578
Puerto Pitahaya,El Oro,Manifestaciones Culturales,-3.42173,-80.07917
Represa Tahuin,El Oro,Manifestaciones Culturales,-3.62865,-80.00542
Bosque Reserva Ecologica Arenillas,El Oro,Atractivos Naturales,-3.566588,-80.143018
Cerro Ahuaca,Loja,Atractivos Naturales,-4.30939,-79.54806
Parque Recreacional Jipiro,Loja,Manifestaciones Culturales,-3.97203,-79.20351
Cascaritas,Cañar,Manifestaciones Culturales,-2.699961,-78.891409
Santuario De La Virgen Del Rocio,Cañar,Manifestaciones Culturales,-2.718467,-78.8822
Plaza Del Arte,Cañar,Manifestaciones Culturales,-2.5125988,-78.9248905
Complejo Baños Del Inca,Cañar,Manifestaciones Culturales,-2.525253,-78.913717
Balneario La Cocha,El Oro,Atractivos Naturales,-3.32464,-79.72026
Laguna Azul,El Oro,Atractivos Naturales,-3.32854,-79.71278
Pailones Muyuyacu,El Oro,Atractivos Naturales,-3.31026,-79.66787
La Playita,El Oro,Atractivos Naturales,-3.367994,-79.84446
Balneario Lagunas San Gregorio,El Oro,Atractivos Naturales,-3.38261,-79.76528
Hacienda Sweet Dreams,Cañar,Manifestaciones Culturales,-2.37168441,-79.41332884
Laguna Culebrillas,Cañar,Atractivos Naturales,-2.423811,-78.60528
Complejo_Ingapirca,Cañar,Manifestaciones Culturales,-2.539789,-78.874861
Labrashcarrumi,Cañar,Manifestaciones Culturales,-2.427675,-78.871034
Cavernas_Chillayacu,El Oro,Atractivos Naturales,-3.32936,-79.58124
Iglesia_Matriz_Nuestra_Señora,Loja,Manifestaciones Culturales,-4.11492,-80.10804
Fiesta_En_Honor_A_La_Virgen_De_Pindal,Loja,Manifestaciones Culturales,-4.11492,-80.10804
Gastronomia_Pindaleña,Loja,Manifestaciones Culturales,-4.11492,-80.10804
Laguna_La_Encantada,Loja,Atractivos Naturales,-4.10951,-80.097
Balneario_Piedra_Torre,Loja,Atractivos Naturales,-4.09052,-80.11699
Molienda_Cristo_Del_Consuelo,Loja,Manifestaciones Culturales,-4.107783,-80.088836
Finca Cumandá,Guayas,Manifestaciones Culturales,-2.16829,-79.60206
Complejo Turístico Río Chilintomo,Guayas,Manifestaciones Culturales,-2.09296,-79.30024
Rancho Vasija De Barro,Guayas,Manifestaciones Culturales,-2.1246,-79.53757
Trapiche Jesús Del Gran Poder,Bolívar,Manifestaciones Culturales,-1.4792,-79.18966
Santuario Del Guayco,Bolívar,Manifestaciones Culturales,-1.67011,-79.06067
Aguas Termales La Florida,Azuay,Atractivos Naturales,-2.964384,-79.636065
Balcones De Pachamamac,Azuay,Atractivos Naturales,-3.329101,-79.454757
Bosque De Pinos,Azuay,Atractivos Naturales,-3.152541,-79.359653
Cascada 24 De Septiembre,Azuay,Atractivos Naturales,-2.959037,-79.513216
Cascada Cristal,Azuay,Atractivos Naturales,-3.186695,-79.412872
Fiesta De La Caña De Azúcar,Azuay,Manifestaciones Culturales,-3.260392,-79.28093
Fiesta De La Virden De Las Mercedes,Azuay,Manifestaciones Culturales,-3.273662,-79.315365
Fiesta De La Virgen De Los Dolores,Azuay,Manifestaciones Culturales,-3.23661,-79.338475
Fiesta De La Virgen Del Carmen,Azuay,Manifestaciones Culturales,-2.964767,-79.522446
Fiesta De San Pedro Y San Pablo,Azuay,Manifestaciones Culturales,-3.172529,-79.387373
Fiesta De La Virgen Del Carmen (Abdon Calderon),Azuay,Manifestaciones Culturales,-3.260295,-79.281091
Catedral De Nuestra Señora De La Merced,El Oro,Manifestaciones Culturales,-3.2583,-79.96006
Monumento Al Bananero,El Oro,Manifestaciones Culturales,-3.27725,-79.93589
Parque Central Juan Montalvo,El Oro,Manifestaciones Culturales,-3.25887,-79.95952
Paseo Cultural Lic. Diego Minuche Garrido,El Oro,Manifestaciones Culturales,-3.26003,-79.9581
Plaza Colón,El Oro,Manifestaciones Culturales,-3.26042,-79.95419
Laguna Yaguarcocha,Azuay,Atractivos Naturales,-3.157225,-79.331151
Cerro Pallcurco,Azuay,Atractivos Naturales,-3.24693,-79.300358
Cerro De Chalcalo,Azuay,Atractivos Naturales,-3.260165,-79.375086
Cerro De Pilancón,Azuay,Atractivos Naturales,-3.257255,-79.320197
Molienda Don Arturo,Azuay,Manifestaciones Culturales,-3.263491,-79.281607
Molienda Don Ignacio Ordóñez,Azuay,Manifestaciones Culturales,-3.27698,-79.308687
Molienda Don Pedro Abad,Azuay,Manifestaciones Culturales,-3.287744,-79.3108113
Piedra Movedora,Azuay,Atractivos Naturales,-3.158955,-79.328805
Río Jubones,Azuay,Atractivos Naturales,-3.346579,-79.382094
Dulce De Toronche,El Oro,Manifestaciones Culturales,-3.69288,-79.61036
Artesanias Hercursa,El Oro,Manifestaciones Culturales,-3.69092,-79.61322
Casa Del Herrero,El Oro,Manifestaciones Culturales,-3.69181,-79.6119
Iglesia De San Francisco,El Oro,Manifestaciones Culturales,-3.69036,-79.61145
Monumento Al Minero,El Oro,Manifestaciones Culturales,-3.69262,-79.61139
Museo Montufar,El Oro,Manifestaciones Culturales,-3.68993,-79.61335
Museo Selva Indígena,El Oro,Manifestaciones Culturales,-3.69168,-79.61399
Santuario De La Virgen Del Carmen,El Oro,Manifestaciones Culturales,-3.69321,-79.61061
Cascada De Guayquichuma,El Oro,Atractivos Naturales,-3.57022,-79.59775
Iglesia De Minas Nuevas,El Oro,Manifestaciones Culturales,-3.62795,-79.63974
Finca Ecoturìstica Dulces Doña Cleme,El Oro,Manifestaciones Culturales,-3.67263,-79.62681
Finca Cafetalera Alonso Galvez,El Oro,Manifestaciones Culturales,-3.67342,-79.62583
Cascada El Molino,El Oro,Atractivos Naturales,-3.634614,-79.550126
Cuy Asado,Carchi,Manifestaciones Culturales,0.634483,-77.724853
Cerro El Mirador,Carchi,Atractivos Naturales,0.611987,-77.698918
Rincon De Las Orquideas,Carchi,Manifestaciones Culturales,0.6226485,-77.72729
Fiestas De Cantonización,Carchi,Manifestaciones Culturales,0.634235,-77.724991
Fiestas De La Virgen De La Purificacion,Carchi,Manifestaciones Culturales,0.634471,-77.72487
Iglesia Matriz De Olmedo Santa Teresita,Loja,Manifestaciones Culturales,-3.93445,-79.64683
Cerro Santa Bárbara,Loja,Atractivos Naturales,-3.93096,-79.64517
Centro Recreacional Santa Bárbara,Loja,Manifestaciones Culturales,-3.9327,-79.64644
Molienda El Tulipán,Loja,Manifestaciones Culturales,-4.04703,-80.04456
Cascada El Ají,Loja,Atractivos Naturales,-4.08239,-80.10538
Laguna El Dorado,El Oro,Atractivos Naturales,-3.657092,-79.561784
Playa Del Humboldt,Guayas,Atractivos Naturales,-2.638072,-80.398889
Nuevo Malecón De Playas,Guayas,Manifestaciones Culturales,-2.636489,-80.393527
Plaza Gastronómica San Alejo (El Arenal),Guayas,Manifestaciones Culturales,-2.676287,-80.360135
Monumento Virgen De La Merced,Guayas,Manifestaciones Culturales,-2.630904,-80.397393
Playa De Puerto Engabao,Guayas,Atractivos Naturales,-2.55931,-80.510424
El Jardin De Los Geranios,Carchi,Manifestaciones Culturales,0.635464,-77.724905
Juegos  Carapaz,Carchi,Manifestaciones Culturales,0.6443,-77.731879
La Piscina,Carchi,Atractivos Naturales,0.647411,-77.732469
Museo Arqueologico Y Religioso,Carchi,Manifestaciones Culturales,0.634973,-77.725027
Bosque De La Reserva Biologica Guandera,Carchi,Atractivos Naturales,0.589064,-77.705348
Estero El Robalo,El Oro,Atractivos Naturales,-3.45362,-80.2093
Conchal El Robalo,El Oro,Manifestaciones Culturales,-3.45413,-80.20961
Isla Las Banderas,El Oro,Atractivos Naturales,-3.43606,-80.20251
Estero Hualtaco,El Oro,Atractivos Naturales,-3.44022,-80.21695
Estero La Aguada,El Oro,Atractivos Naturales,-3.45041,-80.18413
Manglar De Hualtaco,El Oro,Atractivos Naturales,-3.45026,-80.18337
Área De Bosque Y Vegetación Protectora Cubilán,Cañar,Atractivos Naturales,-2.687172,-78.879191
Cerro Padre Rumi,Cañar,Atractivos Naturales,-2.656453,-78.991841
Fiestas De La Virgen Del Rocío,Cañar,Manifestaciones Culturales,-2.718467,-78.8822
Hormado De Sombreros,Cañar,Manifestaciones Culturales,-2.714326,-78.88937
Ermita Jesus Del Gran Poder,Cañar,Manifestaciones Culturales,-2.502336,-78.929562
Iglesia San Juan Bautista,Cañar,Manifestaciones Culturales,-2.511172,-78.928639
Museo De La Ciudad,Cañar,Manifestaciones Culturales,-2.5121399,-78.924937
Cerro Catishapa,Loja,Atractivos Naturales,-3.90884,-79.33848
Conchal Isla Seca,El Oro,Manifestaciones Culturales,-3.45107,-80.18425
La Calavera,Loja,Manifestaciones Culturales,-4.105176,-80.09046
Iglesia Matriz Chaguarpamba,Loja,Manifestaciones Culturales,-3.87693,-79.644937
Parque De La Madre,Loja,Manifestaciones Culturales,-3.87728,-79.64507
Balneario Las Juntas,Loja,Atractivos Naturales,-3.85026,-79.81119
Parque De El Rosario,Loja,Manifestaciones Culturales,-3.78495,-79.60647
Apiario Valarezo,Loja,Manifestaciones Culturales,-3.80238,-79.61318
Balneario Las Tilapias,Loja,Atractivos Naturales,-3.77484,-79.59605
Balneario El Campo De Naomi,Loja,Atractivos Naturales,-3.77783,-79.59331
Balneario El Recodo,Loja,Atractivos Naturales,-3.78181,-79.5891
Casa Campo Verde,Loja,Manifestaciones Culturales,-3.88083,-79.64479
Parque Central De Amarillos,Loja,Manifestaciones Culturales,-3.87158,-79.69392
Cascadas De San Ramón,Loja,Atractivos Naturales,-3.88439,-79.67939
Tasines De Amarillos,Loja,Manifestaciones Culturales,-3.89157,-79.70056
Rancho El Gran Chaparral,Loja,Manifestaciones Culturales,-3.88099,-79.56242
Parque Central De Santa Rufina,Loja,Manifestaciones Culturales,-3.85013,-79.76171
Artesanías,Chimborazo,Manifestaciones Culturales,-1.67018,-78.65347
Basílica Del Sagrado Corazón De Jesús,Chimborazo,Manifestaciones Culturales,-1.67403,-78.64567
Capilla Del Sacrilegio,Chimborazo,Manifestaciones Culturales,-1.67366,-78.6465
Capilla De Santa Bárbara,Chimborazo,Manifestaciones Culturales,-1.67225,-78.64809
Casa Calero,Chimborazo,Manifestaciones Culturales,-1.66891,-78.66025
Casa De Bolívar,Chimborazo,Manifestaciones Culturales,-1.66967,-78.65218
Casa De La Independencia,Chimborazo,Manifestaciones Culturales,-1.67319,-78.64831
Casa Museo De La Ciudad,Chimborazo,Manifestaciones Culturales,-1.67304,-78.64868
Casa Museo De La Brigada Blindada No.11 Galápagos,Chimborazo,Manifestaciones Culturales,-1.65654,-78.65336
Colegio Maldonado,Chimborazo,Manifestaciones Culturales,-1.67141,-78.65007
Edificio De Rentas Internas,Chimborazo,Manifestaciones Culturales,-1.67254,-78.64874
Edificio De La Gobernación,Chimborazo,Manifestaciones Culturales,-1.67324,-78.64795
Edificio De Correos De Ecuador,Chimborazo,Manifestaciones Culturales,-1.67326,-78.64906
Estación Del Ferrocarril,Chimborazo,Manifestaciones Culturales,-1.66986,-78.65345
Estadio Olimpico,Chimborazo,Manifestaciones Culturales,-1.66649,-78.6596
Gastronomía Riobambeña,Chimborazo,Manifestaciones Culturales,-1.67378,-78.65038
Iglesia De La Merced,Chimborazo,Manifestaciones Culturales,-1.67402,-78.64974
Iglesia La Catedral,Chimborazo,Manifestaciones Culturales,-1.67234,-78.64792
Iglesia La Concepción,Chimborazo,Manifestaciones Culturales,-1.67094,-78.64841
Cerro La Cruz Del Calvario,Loja,Atractivos Naturales,-3.87792,-79.69116
Iglesia San Alfonso,Chimborazo,Manifestaciones Culturales,-1.67129,-78.64681
Manifestaciones Creativas,Chimborazo,Manifestaciones Culturales,-1.6702,-78.65279
Monumento Al Puruhá,Chimborazo,Manifestaciones Culturales,-1.66695,-78.66276
Museo Casa De La Cultura Ecuatoriana Núcleo De Chimborazo,Chimborazo,Manifestaciones Culturales,-1.670339,-78.652682
Museo De Arte Religioso La Concepción,Chimborazo,Manifestaciones Culturales,-1.67008,-78.64847
Museo De Ciencias Naturales,Chimborazo,Manifestaciones Culturales,-1.67157,-78.64992
Museo De Vehículos Blindados,Chimborazo,Manifestaciones Culturales,-1.65694,-78.65402
Museo Y Centro Cultural Del Ministerio De Cultura Sede Riobamba,Chimborazo,Manifestaciones Culturales,-1.66857,-78.65258
Palacio Municipal,Chimborazo,Manifestaciones Culturales,-1.67303,-78.6479
Parque 21 De Abril,Chimborazo,Manifestaciones Culturales,-1.66651,-78.65299
Parque Guayaquil,Chimborazo,Manifestaciones Culturales,-1.66548,-78.65883
Parque Maldonado,Chimborazo,Manifestaciones Culturales,-1.67273,-78.6483
Parque Sucre,Chimborazo,Manifestaciones Culturales,-1.67182,-78.65049
Pase Del Niño De Riobamba,Chimborazo,Manifestaciones Culturales,-1.67396,-78.65349
Plaza De Toros Monumental Raul Dávalos,Chimborazo,Manifestaciones Culturales,-1.6686,-78.656
Plaza Roja O De La Concepción,Chimborazo,Manifestaciones Culturales,-1.67106,-78.64872
Procesión Del Señor Del Buen Suceso,Chimborazo,Manifestaciones Culturales,-1.67082,-78.6487
Reloj De Lara,Chimborazo,Manifestaciones Culturales,-1.6707,-78.64985
Rodeo Andino Del Chagra,Chimborazo,Manifestaciones Culturales,-1.67001,-78.66689
Teatro León,Chimborazo,Manifestaciones Culturales,-1.67132,-78.65061
Tradiciones Orales,Chimborazo,Manifestaciones Culturales,-1.66658,-78.6574
Arroz Con Menestra,Guayas,Manifestaciones Culturales,-2.21184,-79.8884
Biblioteca De La Universidad De Las Artes,Guayas,Manifestaciones Culturales,-2.19394,-79.88099
Biblioteca Municipal,Guayas,Manifestaciones Culturales,-2.19547,-79.88256
Caldo De Salchicha,Guayas,Manifestaciones Culturales,-2.18974,-79.89058
Ceviches Y Mariscos,Guayas,Manifestaciones Culturales,-2.129324,-79.89264
Conjunto Escultórico Memorial En Honor A Los Héroes Del Covid – 19,Guayas,Manifestaciones Culturales,-2.1825,-79.87732
Ecuagenera Orquidearío,Guayas,Manifestaciones Culturales,-2.21976,-80.08527
El Papagayo De Guayaquil,Guayas,Manifestaciones Culturales,-2.14008,-79.90846
Encebollado,Guayas,Manifestaciones Culturales,-2.1904,-79.89339
Espacio Urbano Calle Panamá,Guayas,Manifestaciones Culturales,-2.18847,-79.87874
Plaza Guayarte,Guayas,Manifestaciones Culturales,-2.17985,-79.90362
Iglesia De Santo Domingo De Guzmán,Guayas,Manifestaciones Culturales,-2.182406,-79.877396
"Iglesia San Francisco ""Nuestra Señora De Los Ángeles""",Guayas,Manifestaciones Culturales,-2.1920432,-79.881702
Monumento La Iguana,Guayas,Manifestaciones Culturales,-2.1727,-79.91366
Monumento La Orquídea,Guayas,Manifestaciones Culturales,-2.082722,-79.91468
La Perla / La Noria,Guayas,Manifestaciones Culturales,-2.18648,-79.87591
Monigotes Gigantes,Guayas,Manifestaciones Culturales,-2.19399,-79.9128
Playa Escondida En Subida Alta,Guayas,Atractivos Naturales,-2.83121,-80.25701
Museo Antropológico Y De Arte Contemporáneo,Guayas,Manifestaciones Culturales,-2.18483,-79.87552
Museo De La Música Popular De Guayaquil Julio Jaramillo,Guayas,Manifestaciones Culturales,-2.1816,-79.87408
Museo Nacional Del Cacao,Guayas,Manifestaciones Culturales,-2.18811,-79.87881
Museo En Miniatura Guayaquil En La Historia,Guayas,Manifestaciones Culturales,-2.185926,-79.87686158
Museo Municipal De Guayaquil,Guayas,Manifestaciones Culturales,-2.1959,-79.88262
Museo Nahim Isaías,Guayas,Manifestaciones Culturales,-2.19463,-79.88128
Museo Presley Norton,Guayas,Manifestaciones Culturales,-2.18748,-79.89529
Museos De Los Equipos Del Astilleros: Barcelona Y Emelec,Guayas,Manifestaciones Culturales,-2.18167,-79.87413
Palacio De La Gobernación,Guayas,Manifestaciones Culturales,-2.19437,-79.88039
Parque Forestal,Guayas,Manifestaciones Culturales,-2.21123,-79.894566
Plaza De La Administración,Guayas,Manifestaciones Culturales,-2.19473,-79.88123
Plaza San Francisco,Guayas,Manifestaciones Culturales,-2.19197,-79.88142
Puerto Santa Ana,Guayas,Manifestaciones Culturales,-2.18048,-79.87413
Cerro El Yeso,Loja,Atractivos Naturales,-4.328486,-79.541512
Cascada El Remanso,Loja,Atractivos Naturales,-4.33004,-79.52326
Bosque Reserva De Hanne,Loja,Atractivos Naturales,-4.36466,-79.71845
Balneario Bellamaría,Loja,Atractivos Naturales,-4.17772,-79.61507
Cascada Las Tinas,Loja,Atractivos Naturales,-4.411592,-79.485925
Cerro Pan De Azúcar,Loja,Atractivos Naturales,-4.35182,-79.55246
"Petroglifos ""Reina Del Cisne""",Loja,Manifestaciones Culturales,-4.34449,-79.552214
Gruta Virgen De Lourdes,Loja,Manifestaciones Culturales,-4.32141,-79.55103
Fiestas De Carnaval,Loja,Manifestaciones Culturales,-4.26078,-79.22254
Iglesia Matriz De Vilcabamba (Cristo Luz Del Mundo),Loja,Manifestaciones Culturales,-4.26122,-79.22263
Aerovía Guayaquil,Guayas,Manifestaciones Culturales,-2.18543,-79.87698
Zoológico El Pantanal,Guayas,Manifestaciones Culturales,-2.00376,-79.96484
"Antiguo Mercado Sur ""Palacio De Cristal""",Guayas,Manifestaciones Culturales,-2.20199,-79.88276
Basílica Menor Nuestra Señora De La Merced,Guayas,Manifestaciones Culturales,-2.19031,-79.88094
Bollo,Guayas,Manifestaciones Culturales,-2.16931,-79.89683
Cementerio Patrimonial De Guayaquil,Guayas,Manifestaciones Culturales,-2.1836,-79.8847
Cerro Santa Ana,Guayas,Atractivos Naturales,-2.180821,-79.875512
Malecón Del Salado,Guayas,Manifestaciones Culturales,-2.18635,-79.8978
Malecón Simón Bolívar,Guayas,Manifestaciones Culturales,-2.1928,-79.87931
Mercado Artesanal De Guayaquil,Guayas,Manifestaciones Culturales,-2.18495,-79.87998
Cerro Bellavista,Guayas,Atractivos Naturales,-2.177518,-79.913602
Monumento A Los Libertadores Simón Bolívar Y San Martín,Guayas,Manifestaciones Culturales,-2.1926,-79.87922
"Museo Del Bombero Ecuatoriano ""Coronel Félix Luque Plata""",Guayas,Manifestaciones Culturales,-2.183,-79.87739
Museo Naval El Fortín De Santa Ana,Guayas,Manifestaciones Culturales,-2.181162,-79.875607
Parques Lineales Del Salado,Guayas,Manifestaciones Culturales,-2.183001,-79.90109
Plaza Mirador Del Fortín,Guayas,Manifestaciones Culturales,-2.18088,-79.87549
Río Guayas,Guayas,Atractivos Naturales,-2.19512,-79.8798
Cascada San Joaquin,Imbabura,Atractivos Naturales,0.4075,-78.5541
Vado Nápoles,Imbabura,Atractivos Naturales,0.4336111,-78.52611
Cascada San Alberto,Imbabura,Atractivos Naturales,0.4047222,-78.5222
Cascada Manto De La Novia,Imbabura,Atractivos Naturales,0.2277778,-78.72388
Monumento Al Sagrado Corazón De Jesús,Guayas,Manifestaciones Culturales,-2.18031,-79.88373
"Torre Morisca "" Torre Del Reloj""",Guayas,Manifestaciones Culturales,-2.19571,-79.88044
Buque Escuela Guayas,Guayas,Manifestaciones Culturales,-2.19525,-79.87971
Bosque Aventura,Guayas,Manifestaciones Culturales,-2.25797,-80.1494
Bosque Protector La Prosperina,Guayas,Atractivos Naturales,-2.15543,-79.96251
Cerro Azul,Guayas,Atractivos Naturales,-2.16533,-79.95819
Cerro Del Muerto,Guayas,Atractivos Naturales,-2.64106,-80.33884
Cerro Zambapala,Guayas,Atractivos Naturales,-2.96449,-80.21533
Área Del Lagarto De Sacrificio De Los Punáes,Guayas,Manifestaciones Culturales,-2.82064,-80.15393
El Delfín De Playa De Posorja,Guayas,Manifestaciones Culturales,-2.72657,-80.29101
Festival De La Lisa Y El Marisco,Guayas,Manifestaciones Culturales,-2.61051,-80.30144
Florecimiento De Los Ceibos En Puná,Guayas,Atractivos Naturales,-2.8496,-80.22442
Gastronomía En Playa Varadero,Guayas,Manifestaciones Culturales,-2.72314,-80.29931
Hacienda El Castillo,Guayas,Manifestaciones Culturales,-2.35631,-80.28562
Hacienda Nina,Guayas,Manifestaciones Culturales,-2.2775,-80.18679
Hayaca,Guayas,Manifestaciones Culturales,-2.34284,-80.27516
La Granjita,Guayas,Manifestaciones Culturales,-2.3665,-80.30452
Laguna Park,Guayas,Manifestaciones Culturales,-2.23245,-80.10624
Maduro Lampreado,Guayas,Manifestaciones Culturales,-2.40313,-80.36833
Malecón Puerto El Morro,Guayas,Manifestaciones Culturales,-2.60974,-80.30209
Manglar En Bellavista Puná,Guayas,Atractivos Naturales,-2.77538,-80.22354
Pan De Horno Del Morro,Guayas,Manifestaciones Culturales,-2.63332,-80.32924
Playa Bellavista,Guayas,Atractivos Naturales,-2.77475,-80.22478
Playa Cauchiche,Guayas,Atractivos Naturales,-2.79358,-80.2395
Playa Punta Brava En Subida Alta,Guayas,Atractivos Naturales,-2.85633,-80.25968
Playa Punta Diamante,Guayas,Atractivos Naturales,-2.37797,-80.03025
Playa Varadero,Guayas,Atractivos Naturales,-2.72314,-80.29931
Preparación De La Lisa Asada,Guayas,Manifestaciones Culturales,-2.61051,-80.30135
Bosque Protector Cerro Paraíso,Guayas,Atractivos Naturales,-2.17102,-79.92474
Cangrejos Criollos,Guayas,Manifestaciones Culturales,-2.12759,-79.89958
Universidad De Guayaquil - Casona Universitaria,Guayas,Manifestaciones Culturales,-2.19793,-79.8837
Comic Con,Guayas,Manifestaciones Culturales,-2.15867,-79.88772
Explosión Azul,Guayas,Manifestaciones Culturales,-2.20705,-79.89344
Feria Internacional Del Libro,Guayas,Manifestaciones Culturales,-2.15867,-79.88772
Feria Internacional Raíces,Guayas,Manifestaciones Culturales,-2.15867,-79.88772
Festival De La Chirimoya,Guayas,Manifestaciones Culturales,-2.73921,-79.90862
Florecimiento De Guayacanes,Guayas,Atractivos Naturales,-2.30229,-80.07936
Jardín Botánico,Guayas,Manifestaciones Culturales,-2.07961,-79.90877
Malecón De La Isla Puná,Guayas,Manifestaciones Culturales,-2.73798,-79.91073
Noche Amarilla,Guayas,Manifestaciones Culturales,-2.18555,-79.92505
Playa El Placer,Guayas,Atractivos Naturales,-2.8109,-79.99058
Playa La Guada,Guayas,Atractivos Naturales,-2.79337,-79.95389
Plaza Del Bicentenario,Guayas,Manifestaciones Culturales,-2.20038,-79.88255
Estadio George Capwell (Banco Del Pacífico),Guayas,Manifestaciones Culturales,-2.20705,-79.89344
Estadio Monumental (Banco Del Pichincha),Guayas,Manifestaciones Culturales,-2.18555,-79.92505
Budokan,Guayas,Manifestaciones Culturales,-2.20199,-79.88276
Cazuela De Pescado,Guayas,Manifestaciones Culturales,-2.13987,-79.90759
"Iglesia Católica Rectoral ""San José""",Guayas,Manifestaciones Culturales,-2.20141,-79.88309
Monumento A La Fragua De Vulcano,Guayas,Manifestaciones Culturales,-2.19498,-79.88056
Monumento Ecuestre De Simón Bolívar,Guayas,Manifestaciones Culturales,-2.194723,-79.883217
Procesión Cristo Del Consuelo,Guayas,Manifestaciones Culturales,-2.21888,-79.9068
Fiestas De Carnaval,Cañar,Manifestaciones Culturales,-2.70138,-78.91405
Edificaciones De Biblián,Cañar,Manifestaciones Culturales,-2.715562,-78.887323
Cerro Charón Ventanas,Cañar,Atractivos Naturales,-2.658076,-78.881024
Fabricación De Productos Lácteos,Cañar,Manifestaciones Culturales,-2.661205,-78.914113
Granja Burgay,Cañar,Manifestaciones Culturales,-2.661352,-78.945065
Iglesia De San José De Biblián,Cañar,Manifestaciones Culturales,-2.714946,-78.8875952
Laguna Tushin Burgay,Cañar,Atractivos Naturales,-2.63212,-78.97058
Línea Férrea,Cañar,Manifestaciones Culturales,-2.720488,-78.87376
Obelisco De Verdeloma,Cañar,Manifestaciones Culturales,-2.707415,-78.906707
Sombreros De Paja Toquilla,Cañar,Manifestaciones Culturales,-2.714137,-78.887838
Plazoleta Miraflores,Loja,Manifestaciones Culturales,-3.87722,-79.64528
Monumento Al Cafetalero,Loja,Manifestaciones Culturales,-3.87359,-79.64367
Balneario La Cascada,Loja,Atractivos Naturales,-3.84184,-79.77951
Playa Balneario El Trapiche,Loja,Atractivos Naturales,-3.78672,-79.58654
Playa Parador Turistico Ñañitos,Loja,Atractivos Naturales,-3.8435,-79.72638
Cascada Las Zarzas,Loja,Atractivos Naturales,-3.85947,-79.62101
Finca Agroecologica Indera,Loja,Manifestaciones Culturales,-3.88426,-79.65014
Cerro Surapo,Loja,Atractivos Naturales,-3.89055,-79.61027
Petroglifos De Mizquillana,Loja,Manifestaciones Culturales,-3.85725,-79.67805
Fiestas De La Virgen De La Caridad,Carchi,Manifestaciones Culturales,0.54883,-78.04066
Baile De Inocentes,Carchi,Manifestaciones Culturales,0.548332,-78.041125
Fiestas De Cantonización De Mira,Carchi,Manifestaciones Culturales,0.54883,-78.04066
Parque Juan Montalvo,Carchi,Manifestaciones Culturales,0.54906,-78.041186
Piedra Chugchurrumi,Carchi,Manifestaciones Culturales,0.58658,-78.0895
Monumento Mirador El Cóndor,Carchi,Manifestaciones Culturales,0.526719,-78.093588
Monumento Mirador Virgen De La Caridad,Carchi,Manifestaciones Culturales,0.55985,-78.03727
Remedos,Carchi,Manifestaciones Culturales,0.54883,-78.04066
Cerro De Hayas - Mirador Del Tigre,Guayas,Atractivos Naturales,-2.71787,-79.63503
Comunidad Shuar Tsuer Entsa,Guayas,Manifestaciones Culturales,-2.80511,-79.64708
Balneario Agua Y Sol,Loja,Atractivos Naturales,-3.83544,-79.71899
Balneario Río El Lucero,Loja,Atractivos Naturales,-4.40686,-79.44247
Aguas Sulfurosas,Loja,Atractivos Naturales,-4.31825,-79.55863
Río Calvas,Loja,Atractivos Naturales,-4.45604,-79.60345
Iglesia El Cimborio,Loja,Manifestaciones Culturales,-4.32707,-79.56031
Iglesia Nuestra Señora De La Nube,Loja,Manifestaciones Culturales,-4.32906,-79.55992
Iglesia La Merced,Loja,Manifestaciones Culturales,-4.32794,-79.55435
Iglesia Ahuaca Del Carmen,Loja,Manifestaciones Culturales,-4.31004,-79.5601
Iglesia San Cristobal De Colaisaca,Loja,Manifestaciones Culturales,-4.3177,-79.69291
Cerro Mirador De La Cruz,Cañar,Atractivos Naturales,-2.5078,-78.923223
Puente De San Antonio,Cañar,Manifestaciones Culturales,-2.484668,-78.941676
Reloj De Ocho Esferas,Loja,Manifestaciones Culturales,-4.01779,-80.01955
"Aguas Sulfurosas De ""El Arenal""",Loja,Atractivos Naturales,-3.95971,-79.99331
Piedra Del Sol,Loja,Manifestaciones Culturales,-4.02484,-79.98198
"Museo Vivo De Abejas Sin Aguijón ""Meliponas""",Loja,Manifestaciones Culturales,-3.96845,-79.98172
Cascada De Paltapamba,Loja,Atractivos Naturales,-3.99353,-79.99689
Baños Del Inka,Loja,Manifestaciones Culturales,-3.63385,-79.22739
Bosque Washapamba,Loja,Atractivos Naturales,-3.65916,-79.27161
Comunidad De Gera,Loja,Manifestaciones Culturales,-3.57089,-79.24119
Desierto Del Jubones,Loja,Atractivos Naturales,-3.35505,-79.37536
El Salado De Cumbe,Loja,Atractivos Naturales,-3.56,-79.23922
El Salado De Turucachi,Loja,Atractivos Naturales,-3.62421,-79.17845
Hacienda La Papaya,Loja,Manifestaciones Culturales,-3.52606,-79.27778
Iglesia De San Isidro Labrador De Urdaneta,Loja,Manifestaciones Culturales,-3.60427,-79.21147
Iglesia De San Sebastián De Yúluc,Loja,Manifestaciones Culturales,-3.37024,-79.43821
Iglesia Matriz San Pedro De Saraguro,Loja,Manifestaciones Culturales,-3.6226,-79.23795
Iglesia De Selva Alegre,Loja,Manifestaciones Culturales,-3.5515,-79.34571
Iglesia Tablón Viejo,Loja,Manifestaciones Culturales,-3.48194,-79.17768
Inkapirka,Loja,Manifestaciones Culturales,-3.6739,-79.22396
La Unión,Loja,Atractivos Naturales,-3.47706,-79.27625
Complejo Turístico El Rey - Aguas Termales,Guayas,Manifestaciones Culturales,-2.624437,-79.493625
Fiestas Del Señor De La Buena Esperanza,Loja,Manifestaciones Culturales,-4.260769,-79.222639
Longevos De Vilcabamba,Loja,Manifestaciones Culturales,-4.260769,-79.222639
Bolón De Verde,Guayas,Manifestaciones Culturales,-2.19406,-79.88055
Caldo De Bola,Guayas,Manifestaciones Culturales,-2.18805,-79.87899
Chicha Resbaladera,Guayas,Manifestaciones Culturales,-2.20388,-79.88949
Dulces Tradicionales De Guayaquil,Guayas,Manifestaciones Culturales,-2.19212,-79.88377
Encendido Luces De Navidad,Guayas,Manifestaciones Culturales,-2.19473,-79.88123
Barrio Las Peñas,Guayas,Manifestaciones Culturales,-2.18383,-79.87582
Catedral Metropolitana San Pedro Apóstol,Guayas,Manifestaciones Culturales,-2.1946,-79.88372
Escultura Columna De Los Próceres,Guayas,Manifestaciones Culturales,-2.18985,-79.88759
Parque Seminario,Guayas,Manifestaciones Culturales,-2.19465,-79.88313
Estuario De Posorja,Guayas,Atractivos Naturales,-2.66061,-80.25007
Bosque Protector Cerro Blanco,Guayas,Atractivos Naturales,-2.18351,-80.01638
Plaza Centenario,Guayas,Manifestaciones Culturales,-2.18983,-79.88765
Regatas De Yolas Guayaquil - Posorja,Guayas,Manifestaciones Culturales,-2.72657,-80.29101
Viñedo Dos Hemisferios,Guayas,Manifestaciones Culturales,-2.51639,-80.31028
Fuente Monumental,Guayas,Manifestaciones Culturales,-2.18672,-79.89954
Funkafest,Guayas,Manifestaciones Culturales,-2.20199,-79.88276
Aguas Hediondas,Carchi,Atractivos Naturales,0.810498,-77.904475
Casa De Aduanas,Carchi,Manifestaciones Culturales,0.815126,-77.665296
Mercado Plaza Central,Carchi,Manifestaciones Culturales,0.814029,-77.715971
Teatro Lemarie,Carchi,Manifestaciones Culturales,0.812352,-77.718088
Iglesia San Francisco,Carchi,Manifestaciones Culturales,0.81492,-77.715447
Humedal Abras De Mantequilla,Los Ríos,Atractivos Naturales,-1.48989525,-79.67445459
Mercado 10 De Agosto,Azuay,Manifestaciones Culturales,-2.89909,-79.00756
Coordillera Yamalaca,Loja,Atractivos Naturales,-3.95262,-79.63957
Balneario De Agua Dulce La Reveza,Los Ríos,Atractivos Naturales,-1.420539,-79.741411
Mercado 24 De Mayo,Imbabura,Manifestaciones Culturales,0.230789,-78.266269
Fiesta De Santa Rosa De Lima,Loja,Manifestaciones Culturales,-3.59208,-79.32186
León Dormido,Loja,Atractivos Naturales,-3.6005,-79.20173
Playas De Sumaypamba,Loja,Atractivos Naturales,-3.34305,-79.33183
Putushío,Loja,Manifestaciones Culturales,-3.44875,-79.18187
Río Uchucay,Loja,Atractivos Naturales,-3.35626,-79.35881
Santuario De San Antonio De Cumbe,Loja,Manifestaciones Culturales,-3.56454,-79.22583
Laguna Negra,Loja,Atractivos Naturales,-3.82286,-79.3304
Chorrera Baño Del Inca (Shillipara),Loja,Atractivos Naturales,-3.87901,-79.3247
Iglesia Católica De Chantaco,Loja,Manifestaciones Culturales,-3.87905,-79.32864
Crianza De Cuyes,Loja,Manifestaciones Culturales,-3.87027,-79.32954
Cascada Blanca,Loja,Atractivos Naturales,-3.86481,-79.31834
Cerro Mandango,Loja,Atractivos Naturales,-4.26441,-79.23708
Museo De Arte Religioso Monjas Concepcionistas,Loja,Manifestaciones Culturales,-3.99703,-79.20095
Museo Y Centro Cultural De Loja,Loja,Manifestaciones Culturales,-3.99706,-79.20151
Museo De La Música,Loja,Manifestaciones Culturales,-3.998546,-79.200917
Museo De La Arqueología Y Lojanidad,Loja,Manifestaciones Culturales,-3.9856,-79.19903
Cerro Chivatos,Loja,Atractivos Naturales,-3.95261,-79.58855
Cascada La Delicia,Loja,Atractivos Naturales,-3.92051,-79.62029
"Fábrica De Licores De Fruta ""El Paraíso""",Loja,Manifestaciones Culturales,-3.96197,-79.94667
Balneario Fondo Azul,Loja,Atractivos Naturales,-3.9602,-79.93978
"Artesanías De Piedra ""Jarita""",Loja,Manifestaciones Culturales,-4.01701,-79.94209
Cascadas De San José,Loja,Atractivos Naturales,-4.02478,-80.15176
Piscina Natural De Mercadillo,Loja,Atractivos Naturales,-4.02939,-79.97418
Artesanías De Madera “Rústicos Quezada”,Loja,Manifestaciones Culturales,-3.98402,-80.04046
Cascada Gramalotes,Loja,Atractivos Naturales,-3.96535,-79.97338
Fiesta En Honor Al Señor De Girón,Loja,Manifestaciones Culturales,-4.02361,-79.97785
Balneario Cochurco,Loja,Atractivos Naturales,-3.87375,-80.03939
Cascada Totoral,Loja,Atractivos Naturales,-3.968,-80.01368
Cascada La Chorrera,Loja,Atractivos Naturales,-3.95656,-79.98694
Río Quevedo,Los Ríos,Atractivos Naturales,-1.02456,-79.46496
Museo Municipal De Quevedo,Los Ríos,Manifestaciones Culturales,-1.01056,-79.4639
Procesión De La Virgen De La Merced,Los Ríos,Manifestaciones Culturales,-1.02421,-79.46678
Iglesia Catedral De Ibarra,Imbabura,Manifestaciones Culturales,0.351696,-78.11763
Mercado San Sebastián,Loja,Manifestaciones Culturales,-4.00233,-79.20091

